index,issueArea,decisionDirection,partyWinning,voteDistribution,respondentType,rouge1,rouge2,rougeL,bert_f1
0,10.0,2.0,0.0,0.625,1,0.350844277673546,0.20187793427230047,0.18855534709193247,0.6426534652709961
1,8.0,1.0,0.0,0.6666666666666666,1,0.597079502433748,0.2598808879263671,0.23039480800432668,0.5975530743598938
2,2.0,1.0,1.0,1.0,2,0.43060109289617493,0.27680525164113784,0.22841530054644807,0.6825248599052429
3,1.0,1.0,0.0,0.6666666666666666,1,0.6409952606635071,0.34519572953736655,0.3045023696682464,0.6656458973884583
4,8.0,2.0,1.0,1.0,3,0.5296938399114718,0.2709486895533407,0.2183696053116931,0.6395003795623779
5,7.0,1.0,0.0,0.5555555555555556,3,0.503942921517086,0.2705749718151071,0.23807735636500188,0.5980836749076843
6,10.0,1.0,0.0,0.5555555555555556,1,0.5477855477855478,0.2707117852975496,0.25874125874125875,0.6167634725570679
7,8.0,1.0,1.0,0.8888888888888888,2,0.5952153110047848,0.2876318312559923,0.31387559808612436,0.6641688942909241
8,8.0,1.0,1.0,1.0,2,0.5877466251298028,0.33298647242455776,0.31360332294911736,0.6681261658668518
9,1.0,2.0,1.0,0.5555555555555556,1,0.5905617977528089,0.3049932523616734,0.24808988764044945,0.6375844478607178
10,2.0,2.0,1.0,0.5555555555555556,2,0.6355036171396772,0.28969359331476324,0.25598219254312743,0.6214140057563782
11,9.0,1.0,0.0,0.6666666666666666,1,0.5183547103051747,0.29747675962815406,0.24413976116762495,0.6409163475036621
12,5.0,1.0,1.0,0.625,2,0.5971370143149284,0.2968270214943705,0.2760736196319018,0.6977554559707642
13,4.0,2.0,0.0,1.0,3,0.28518057285180576,0.11097256857855363,0.1519302615193026,0.5875346064567566
14,2.0,1.0,1.0,1.0,1,0.6206896551724138,0.2934196332254585,0.18857758620689655,0.5542551279067993
15,1.0,1.0,0.0,0.5555555555555556,1,0.5716981132075472,0.2917847025495751,0.2377358490566038,0.6298128366470337
16,8.0,1.0,0.0,1.0,2,0.5504,0.2435897435897436,0.2832,0.6697158813476562
17,8.0,1.0,0.0,0.75,1,0.4587077449721866,0.25695931477516065,0.2644415917843389,0.6435491442680359
18,9.0,1.0,0.0,0.8888888888888888,1,0.583984375,0.31182795698924737,0.251953125,0.7252564430236816
19,1.0,1.0,0.0,1.0,1,0.5458860759493671,0.2678288431061806,0.25158227848101267,0.6651360988616943
20,12.0,2.0,0.0,0.5555555555555556,1,0.622093023255814,0.32363213038416766,0.29883720930232555,0.6897225379943848
21,2.0,1.0,1.0,1.0,2,0.5762064022933587,0.2974653275944524,0.22551361681796467,0.6488473415374756
22,3.0,2.0,1.0,1.0,1,0.5257575757575758,0.3078089461713419,0.296969696969697,0.6465213298797607
23,1.0,1.0,1.0,0.6666666666666666,2,0.6458752515090543,0.3595166163141994,0.2977867203219316,0.6578276753425598
24,2.0,2.0,1.0,1.0,1,0.4933741080530072,0.23061224489795917,0.2130479102956167,0.6330277919769287
25,8.0,2.0,0.0,1.0,2,0.5911458333333334,0.2972620599739244,0.27343749999999994,0.6411715149879456
26,2.0,1.0,0.0,0.6666666666666666,1,0.42145015105740186,0.23903177004538576,0.23262839879154082,0.661098837852478
27,9.0,1.0,0.0,1.0,3,0.456596035543404,0.25598904859685145,0.2583732057416268,0.6797080039978027
28,7.0,1.0,1.0,0.7777777777777778,3,0.27613028682547397,0.11873479318734795,0.14487117160913954,0.6058565378189087
29,10.0,2.0,0.0,0.6666666666666666,3,0.23228010247651582,0.15226689478186484,0.15542271562766866,0.6320253014564514
30,2.0,2.0,1.0,0.5555555555555556,1,0.6020236087689713,0.3375527426160338,0.28836424957841483,0.683088481426239
31,2.0,2.0,1.0,0.7777777777777778,1,0.5713062098501072,0.28632661808829835,0.24582441113490364,0.6304592490196228
32,2.0,1.0,1.0,1.0,2,0.546337515176042,0.29809639530174165,0.21367867260218534,0.65970778465271
33,2.0,2.0,1.0,0.7777777777777778,1,0.6362735381565907,0.27976190476190477,0.22398414271555994,0.676825761795044
34,9.0,1.0,0.0,0.8888888888888888,2,0.5879682179341656,0.2863636363636364,0.2894438138479001,0.6531044840812683
35,8.0,2.0,1.0,1.0,2,0.31911357340720214,0.16971713810316139,0.1883656509695291,0.6172270178794861
36,2.0,1.0,1.0,0.6666666666666666,2,0.4954545454545454,0.25295723384895363,0.2590909090909091,0.5622806549072266
37,1.0,2.0,1.0,0.5555555555555556,1,0.35315985130111527,0.1758139534883721,0.2016728624535316,0.6279829144477844
38,8.0,2.0,1.0,1.0,2,0.5605900948366701,0.34282700421940926,0.26659641728134886,0.6713337898254395
39,1.0,1.0,1.0,0.8888888888888888,2,0.5831842576028622,0.2555223880597015,0.20512820512820512,0.6259677410125732
40,2.0,2.0,1.0,0.5555555555555556,2,0.3382187147688839,0.1659142212189616,0.17474633596392333,0.6802260875701904
41,8.0,1.0,0.0,1.0,1,0.6574018126888217,0.33514821536600115,0.25619335347432026,0.6492378115653992
42,10.0,2.0,0.0,0.5555555555555556,1,0.39801611903285805,0.19665012406947888,0.17792932424054556,0.6075881123542786
43,10.0,2.0,1.0,1.0,1,0.5815217391304349,0.2100108813928183,0.2076086956521739,0.6073409914970398
44,8.0,2.0,0.0,1.0,2,0.42330558858501777,0.22976190476190478,0.23781212841854935,0.6662439107894897
45,1.0,1.0,0.0,0.8888888888888888,1,0.592274678111588,0.3236276849642004,0.2565569861707201,0.6273177862167358
46,8.0,1.0,1.0,1.0,1,0.2705078125,0.13294232649071355,0.14257812499999997,0.628479540348053
47,2.0,1.0,0.0,1.0,0,0.48275862068965514,0.25023342670401494,0.2572227399813607,0.6793989539146423
48,2.0,1.0,0.0,1.0,1,0.5810877021068104,0.31976459048553213,0.24301812836844686,0.6657424569129944
49,2.0,1.0,1.0,1.0,2,0.5578544061302682,0.2701458173445894,0.29578544061302686,0.6479501128196716
50,1.0,2.0,1.0,0.7777777777777778,1,0.6440111420612813,0.3368655883993308,0.3142061281337048,0.6688774824142456
51,8.0,1.0,0.0,0.8888888888888888,3,0.6038647342995169,0.35396518375241787,0.2917874396135266,0.6462655067443848
52,8.0,2.0,1.0,1.0,1,0.6104417670682731,0.33145615446500404,0.3357429718875502,0.6582380533218384
53,2.0,2.0,0.0,0.5555555555555556,3,0.6303387334315169,0.35577395577395576,0.30633284241531666,0.6796723008155823
54,9.0,2.0,0.0,0.6666666666666666,1,0.5992337164750958,0.2563315425940138,0.2528735632183908,0.6709926724433899
55,1.0,2.0,1.0,0.8888888888888888,1,0.6157894736842106,0.3614775725593668,0.35000000000000003,0.7093428373336792
56,1.0,2.0,1.0,0.6666666666666666,1,0.5540871267743515,0.29593336599706027,0.24571708272148796,0.666019082069397
57,9.0,1.0,1.0,0.6666666666666666,4,0.45373134328358206,0.21823617339312404,0.24626865671641793,0.6350644826889038
58,3.0,2.0,0.0,0.6666666666666666,2,0.5061466723187792,0.19855748833262624,0.18482407799915218,0.6176874041557312
59,12.0,1.0,0.0,0.5555555555555556,2,0.6276747503566334,0.33285714285714285,0.2724679029957204,0.6981675028800964
60,1.0,2.0,0.0,1.0,2,0.5850706119704102,0.2841750841750842,0.2797579018157364,0.6982873678207397
61,2.0,2.0,1.0,0.6666666666666666,1,0.5405660377358491,0.25401322001888577,0.2452830188679245,0.6277920007705688
62,1.0,1.0,0.0,0.5555555555555556,1,0.40831758034026466,0.1979823455233291,0.15500945179584122,0.6335413455963135
63,1.0,2.0,1.0,1.0,1,0.6056991385023194,0.3158593231585932,0.29953611663353213,0.6877594590187073
64,13.0,2.0,1.0,0.8888888888888888,1,0.5950752393980848,0.289041095890411,0.25034199726402184,0.6475237011909485
65,2.0,1.0,1.0,0.5555555555555556,2,0.5914477073673364,0.3011861784424961,0.21947449768160743,0.637731671333313
66,3.0,2.0,0.0,0.75,2,0.4600280504908835,0.2542134831460674,0.28892005610098176,0.628440797328949
67,1.0,2.0,1.0,0.5555555555555556,1,0.547661870503597,0.2988298829882988,0.21402877697841727,0.6200403571128845
68,8.0,1.0,0.0,1.0,3,0.5570400822199384,0.29218106995884774,0.289825282631038,0.6368222236633301
69,8.0,1.0,1.0,0.625,3,0.5989717223650386,0.31145431145431146,0.31619537275064263,0.6649612784385681
70,10.0,2.0,1.0,1.0,1,0.630359212050985,0.3213457076566125,0.2769409038238702,0.6563756465911865
71,8.0,2.0,0.0,0.6666666666666666,3,0.6074619022595902,0.31246712256707,0.2438255386232265,0.617358922958374
72,2.0,2.0,0.0,0.7777777777777778,3,0.4775687409551375,0.1927536231884058,0.21128798842257598,0.6638986468315125
73,4.0,1.0,1.0,1.0,1,0.4311657879320445,0.2428152492668622,0.22378441710603397,0.632602334022522
74,1.0,1.0,1.0,1.0,2,0.5955555555555556,0.24916573971078976,0.24555555555555555,0.6292745471000671
75,1.0,2.0,1.0,0.6666666666666666,1,0.6071428571428572,0.3162236480293309,0.2765567765567766,0.6489461064338684
76,8.0,1.0,0.0,1.0,4,0.6359322033898305,0.2606924643584521,0.26169491525423727,0.6579179763793945
77,8.0,2.0,1.0,1.0,2,0.6292559899117276,0.3434343434343434,0.24716267339218162,0.6573919057846069
78,2.0,2.0,1.0,1.0,2,0.5463631315935591,0.2990550305725403,0.24652970571904498,0.5937010049819946
79,1.0,1.0,0.0,0.7777777777777778,1,0.6391076115485564,0.3324572930354796,0.3267716535433071,0.6731979846954346
80,9.0,1.0,0.0,0.6666666666666666,1,0.5403128760529483,0.23012048192771084,0.23586040914560769,0.6576976180076599
81,9.0,1.0,1.0,0.5555555555555556,3,0.6067019400352733,0.3272513243084167,0.2857142857142857,0.6742554306983948
82,9.0,1.0,1.0,0.5555555555555556,2,0.6173633440514469,0.27044430135222153,0.2726688102893891,0.6476948857307434
83,10.0,2.0,0.0,1.0,2,0.5576828669612175,0.27518427518427513,0.256259204712813,0.6634106636047363
84,8.0,2.0,1.0,0.875,3,0.6140350877192982,0.3305785123966942,0.31682146542827655,0.6416009664535522
85,1.0,2.0,1.0,0.8888888888888888,1,0.606030647553139,0.31667491340920334,0.26495304003954523,0.688754141330719
86,1.0,2.0,1.0,0.8888888888888888,1,0.5745734727572922,0.2490358126721763,0.2564667033571822,0.6794679164886475
87,2.0,1.0,1.0,0.875,1,0.6309148264984227,0.3673684210526315,0.3038906414300736,0.6856608986854553
88,1.0,1.0,1.0,1.0,2,0.6582430806257521,0.30361445783132535,0.24428399518652227,0.6317009925842285
89,1.0,2.0,0.0,0.5555555555555556,2,0.503391107761869,0.24150943396226418,0.25772418990203466,0.6033713817596436
90,1.0,2.0,1.0,0.625,3,0.5866050808314088,0.26074895977808604,0.2254041570438799,0.5887091755867004
91,8.0,2.0,1.0,1.0,4,0.4896401308615049,0.2445414847161572,0.23991275899672845,0.6060071587562561
92,8.0,2.0,1.0,1.0,1,0.6648291069459757,0.33885209713024284,0.26681367144432194,0.6344742178916931
93,7.0,1.0,1.0,0.5555555555555556,2,0.6385079539221065,0.30642504118616143,0.24026330224904005,0.6955826878547668
94,10.0,1.0,1.0,1.0,2,0.5,0.26061493411420206,0.25584795321637427,0.6684214472770691
95,1.0,2.0,1.0,0.6666666666666666,1,0.6150773839241138,0.2868565717141429,0.23364952571143285,0.7026981115341187
96,10.0,2.0,0.0,1.0,2,0.605277933745087,0.25182686902754353,0.24705221785513756,0.6736417412757874
97,9.0,1.0,0.0,0.5555555555555556,2,0.5689729265148259,0.3225806451612903,0.243231628706489,0.6609481573104858
98,4.0,2.0,1.0,1.0,1,0.5521628498727735,0.267515923566879,0.26081424936386766,0.6459798216819763
99,1.0,1.0,1.0,1.0,2,0.6491043203371971,0.33333333333333337,0.2961011591148578,0.6635540127754211
100,8.0,2.0,1.0,0.6666666666666666,3,0.4901511681172699,0.23750573131591013,0.2574438845625286,0.6386291980743408
101,2.0,2.0,1.0,1.0,1,0.6446621970087674,0.38203407330924105,0.370293965961836,0.6547067761421204
102,4.0,2.0,1.0,0.5555555555555556,1,0.5681186283595923,0.2680890538033395,0.2428174235403151,0.6520993113517761
103,8.0,1.0,1.0,1.0,1,0.5663157894736843,0.291886195995785,0.2568421052631579,0.6795414686203003
104,8.0,1.0,1.0,1.0,3,0.6046153846153847,0.36671802773497686,0.2938461538461538,0.7060361504554749
105,4.0,2.0,1.0,0.7777777777777778,1,0.5499681731381286,0.28935627788400253,0.3017186505410566,0.6203819513320923
106,6.0,1.0,1.0,0.5555555555555556,2,0.5203103605659516,0.22110552763819094,0.24372432679141942,0.6693634986877441
107,8.0,1.0,0.0,0.7777777777777778,3,0.6496815286624203,0.37194473963868224,0.25690021231422505,0.6810163855552673
108,1.0,1.0,1.0,0.5555555555555556,2,0.5227177990829512,0.19858156028368795,0.18090871196331806,0.6477594971656799
109,5.0,1.0,0.0,1.0,1,0.5342465753424658,0.2980049875311721,0.26774595267745954,0.641666054725647
110,1.0,2.0,1.0,0.5555555555555556,1,0.5761689291101056,0.2908907901358832,0.2393162393162393,0.6433833837509155
111,1.0,1.0,1.0,1.0,2,0.5273579989577906,0.24308815858111635,0.2542991141219385,0.6598894000053406
112,8.0,1.0,1.0,1.0,1,0.59244126659857,0.3091095189355169,0.2941777323799796,0.7023102045059204
113,1.0,2.0,0.0,0.5555555555555556,2,0.4291272929405225,0.23817473567056205,0.24902723735408558,0.663045346736908
114,2.0,2.0,1.0,0.7777777777777778,1,0.5248651887357698,0.2723455308938212,0.2456560814859197,0.6611574292182922
115,10.0,2.0,1.0,0.5555555555555556,2,0.6273224043715848,0.27024070021881835,0.23715846994535522,0.6000629663467407
116,8.0,1.0,0.0,1.0,2,0.5938615274803711,0.25875625446747674,0.24696645253390437,0.6769385933876038
117,1.0,2.0,1.0,0.5555555555555556,1,0.5611083621969322,0.266468548786528,0.25630875804057396,0.6749483346939087
118,12.0,2.0,1.0,1.0,1,0.524945770065076,0.2404055032585083,0.24295010845986986,0.6595955491065979
119,1.0,1.0,1.0,1.0,2,0.5962671905697446,0.26647000983284175,0.23673870333988212,0.6800007820129395
120,1.0,1.0,0.0,0.5555555555555556,1,0.6224433388612493,0.302158273381295,0.26091763405196244,0.6989091634750366
121,9.0,2.0,1.0,1.0,2,0.5696385542168675,0.3106608779546551,0.27469879518072293,0.653618574142456
122,6.0,2.0,0.0,1.0,2,0.66738894907909,0.3731019522776573,0.3412784398699891,0.6428128480911255
123,1.0,2.0,1.0,1.0,1,0.5928393005828476,0.24186822351959966,0.24646128226477934,0.6505942940711975
124,2.0,1.0,1.0,0.5555555555555556,1,0.5330033003300331,0.24855491329479767,0.21617161716171618,0.6157717704772949
125,1.0,1.0,0.0,1.0,1,0.5824665676077266,0.2604166666666667,0.26151560178306094,0.6751391291618347
126,9.0,2.0,1.0,1.0,2,0.6036900369003689,0.28824833702882485,0.30258302583025826,0.6601547598838806
127,10.0,2.0,0.0,1.0,1,0.5552677029360967,0.2904062229904926,0.21848013816925732,0.640814483165741
128,2.0,2.0,1.0,0.5555555555555556,2,0.380952380952381,0.2112251056125528,0.1940928270042194,0.6632117033004761
129,5.0,1.0,1.0,1.0,2,0.5789473684210527,0.2936746987951807,0.24210526315789474,0.682318925857544
130,1.0,1.0,1.0,1.0,2,0.6103717301514456,0.32889297197978873,0.2634235888022028,0.6250681281089783
131,1.0,1.0,1.0,0.7777777777777778,2,0.6080114449213162,0.31661891117478513,0.30185979971387694,0.6409094333648682
132,4.0,2.0,0.0,0.5555555555555556,2,0.5390492359932088,0.24129141886151234,0.21477079796264856,0.6346419453620911
133,2.0,1.0,1.0,0.5555555555555556,2,0.5635514018691589,0.2516370439663237,0.21401869158878506,0.567226767539978
134,8.0,1.0,0.0,0.5555555555555556,2,0.6211245401996845,0.27248816412414517,0.20599054125065686,0.6736152172088623
135,2.0,1.0,0.0,0.5555555555555556,1,0.5623268698060943,0.28294036061026345,0.23684210526315788,0.6648892760276794
136,10.0,2.0,0.0,0.6666666666666666,2,0.5769633507853402,0.2620545073375262,0.23664921465968586,0.6366990208625793
137,8.0,1.0,1.0,0.6666666666666666,4,0.5463328941589812,0.28395604395604396,0.2424242424242424,0.6222956776618958
138,1.0,2.0,0.0,0.5555555555555556,1,0.5557011795543906,0.18241469816272965,0.19790301441677585,0.6183508038520813
139,3.0,2.0,1.0,0.6666666666666666,2,0.5644876325088339,0.3085764809902741,0.24823321554770317,0.6321572661399841
140,8.0,2.0,0.0,1.0,0,0.6048834628190899,0.34777777777777774,0.2774694783573807,0.6915969848632812
141,5.0,2.0,0.0,0.875,2,0.5430463576158941,0.19159911569638907,0.1972038263428992,0.6389601826667786
142,9.0,2.0,1.0,1.0,4,0.6000937646507267,0.32754575316752693,0.26629160806375995,0.6769813299179077
143,8.0,1.0,1.0,0.7777777777777778,1,0.5265797392176529,0.29819277108433734,0.31795386158475425,0.6440533399581909
144,1.0,2.0,1.0,1.0,1,0.5353075170842825,0.2554161915621437,0.21298405466970385,0.5587173700332642
145,1.0,2.0,1.0,1.0,1,0.653816499614495,0.3382239382239382,0.3145720894371627,0.6617518067359924
146,1.0,1.0,1.0,1.0,2,0.6327356853672643,0.2976259409380428,0.2776171197223829,0.6999744772911072
147,3.0,2.0,0.0,0.5555555555555556,3,0.42412698412698413,0.20076238881829736,0.17269841269841268,0.621346652507782
148,8.0,2.0,0.0,0.7777777777777778,2,0.5082508250825082,0.29515418502202645,0.2761276127612761,0.6614588499069214
149,10.0,2.0,1.0,0.7777777777777778,2,0.5263157894736842,0.2108262108262108,0.2318634423897582,0.665412425994873
150,4.0,2.0,1.0,1.0,3,0.5599603567889,0.23809523809523808,0.2210109018830525,0.6401688456535339
151,8.0,2.0,1.0,0.75,3,0.48652639350313764,0.2379017362393794,0.21114802510151348,0.6463921070098877
152,8.0,2.0,0.0,1.0,2,0.6830382638492289,0.33047455688965127,0.29697315819531694,0.6582971811294556
153,1.0,1.0,0.0,0.6666666666666666,1,0.6134897360703812,0.2348796241926013,0.23343108504398827,0.6113491058349609
154,8.0,1.0,1.0,1.0,2,0.5616591928251121,0.22334455667789,0.2488789237668161,0.6591250896453857
155,1.0,2.0,1.0,0.5555555555555556,1,0.6056034482758621,0.28478964401294493,0.23060344827586207,0.6569817662239075
156,8.0,1.0,1.0,1.0,2,0.50171298058622,0.27580952380952384,0.19946707270650932,0.6918346881866455
157,7.0,1.0,1.0,0.5555555555555556,1,0.5042816365366318,0.21904761904761905,0.20647002854424357,0.6288368701934814
158,8.0,1.0,0.0,1.0,3,0.6199686356508103,0.29199372056514916,0.23941453214845793,0.6696455478668213
159,6.0,2.0,1.0,1.0,2,0.5649867374005305,0.3164893617021277,0.2413793103448276,0.6392523050308228
160,1.0,1.0,0.0,0.6666666666666666,1,0.6300236406619385,0.27928994082840236,0.2210401891252955,0.6755082607269287
161,1.0,1.0,1.0,1.0,2,0.6691919191919191,0.3666245259165613,0.28535353535353536,0.6836379766464233
162,3.0,1.0,0.0,1.0,1,0.5639097744360902,0.23548387096774193,0.2330827067669173,0.6521537899971008
163,8.0,2.0,1.0,1.0,2,0.5672550213024955,0.22425350396099938,0.2410225197808886,0.6299431920051575
164,5.0,2.0,1.0,0.6666666666666666,3,0.45443499392466585,0.21776155717761558,0.23207776427703525,0.6591479778289795
165,9.0,2.0,0.0,1.0,3,0.619047619047619,0.2951191827468786,0.20634920634920637,0.6414719223976135
166,8.0,2.0,1.0,1.0,2,0.5945205479452055,0.25102880658436216,0.2356164383561644,0.6602594256401062
167,1.0,1.0,0.0,1.0,1,0.5201560468140443,0.19921875000000003,0.22886866059817945,0.6656028628349304
168,2.0,2.0,0.0,1.0,2,0.4808935920047031,0.25662154208357857,0.22222222222222224,0.6107988953590393
169,5.0,1.0,1.0,1.0,1,0.4972562262558041,0.26024503591043513,0.23385394681300128,0.6191579103469849
170,3.0,1.0,1.0,0.5555555555555556,1,0.44201909959072305,0.21979522184300343,0.19577080491132332,0.6511454582214355
171,8.0,2.0,1.0,1.0,2,0.5494095711622126,0.2451773490976976,0.2647607209446861,0.6649575233459473
172,2.0,2.0,0.0,0.5555555555555556,3,0.5842044134727061,0.21511627906976746,0.20441347270615565,0.655099093914032
173,9.0,1.0,1.0,1.0,3,0.6465191581219644,0.31766612641815234,0.2676740420939018,0.6731345057487488
174,13.0,1.0,0.0,1.0,3,0.24789207419898818,0.1620253164556962,0.1349072512647555,0.6622548699378967
175,8.0,2.0,1.0,1.0,2,0.4937127729980146,0.27965540092776675,0.2303110522832561,0.557491660118103
176,10.0,2.0,1.0,1.0,3,0.5124740124740124,0.254942767950052,0.22972972972972974,0.6662210822105408
177,6.0,2.0,1.0,1.0,3,0.5682119205298014,0.24801061007957562,0.24768211920529803,0.6051818132400513
178,8.0,1.0,1.0,0.5555555555555556,1,0.5121313923105637,0.30257751214045575,0.2687569988801791,0.6618865132331848
179,8.0,2.0,1.0,0.6666666666666666,4,0.41259698767685987,0.1845591594335313,0.17069831127339113,0.6129608154296875
180,2.0,1.0,1.0,1.0,2,0.6113129216398546,0.26181818181818184,0.23456149455111577,0.6246038675308228
181,8.0,2.0,1.0,1.0,3,0.5674507921267402,0.24795771263815472,0.23715794527124337,0.6570498943328857
182,1.0,1.0,0.0,0.5555555555555556,1,0.5871559633027522,0.28738512949039263,0.2969140950792327,0.6835013031959534
183,1.0,2.0,1.0,1.0,1,0.43851132686084143,0.20809716599190284,0.197411003236246,0.6135696768760681
184,1.0,1.0,0.0,1.0,1,0.5993836671802774,0.2654320987654321,0.27426810477657937,0.6539726257324219
185,1.0,2.0,1.0,0.7777777777777778,1,0.6616643929058663,0.32240437158469953,0.29058663028649384,0.7033097147941589
186,7.0,1.0,0.0,1.0,3,0.5808988764044943,0.25984251968503935,0.2674157303370786,0.6305211782455444
187,2.0,1.0,1.0,0.75,2,0.4101312175770522,0.19786259541984733,0.1776014647543485,0.6342107653617859
188,2.0,1.0,1.0,0.5555555555555556,2,0.4991909385113269,0.21376518218623483,0.19174757281553398,0.6356167793273926
189,9.0,2.0,1.0,1.0,3,0.6010303377218088,0.3048710601719198,0.21866056096164857,0.6250980496406555
190,9.0,2.0,1.0,1.0,2,0.6084142394822006,0.2851587815942968,0.26537216828478966,0.6655470132827759
191,3.0,1.0,1.0,0.5555555555555556,2,0.5415254237288136,0.2417302798982188,0.18813559322033896,0.6342491507530212
192,1.0,1.0,1.0,1.0,2,0.38552036199095024,0.20670897552130554,0.20633484162895926,0.6410947442054749
193,1.0,1.0,1.0,1.0,2,0.6029889538661468,0.29668184775536754,0.22222222222222224,0.6643742322921753
194,12.0,2.0,1.0,1.0,3,0.6232329440688383,0.2387692307692308,0.22987092808850643,0.6518933773040771
195,12.0,2.0,1.0,1.0,2,0.6504347826086956,0.30760301799187467,0.27362318840579714,0.6427916884422302
196,8.0,2.0,0.0,0.7777777777777778,1,0.5505995203836931,0.23811809889582333,0.2119904076738609,0.6380374431610107
197,4.0,2.0,1.0,1.0,2,0.6059379217273955,0.2567567567567568,0.2577597840755736,0.658902108669281
198,1.0,1.0,1.0,0.6666666666666666,2,0.6204906204906205,0.28612716763005785,0.30014430014430016,0.663671612739563
199,3.0,1.0,1.0,1.0,2,0.5969341749323716,0.3068592057761733,0.2696122633002705,0.6762438416481018
200,8.0,2.0,1.0,0.7777777777777778,3,0.6230677764565993,0.25952380952380955,0.2187871581450654,0.6611605286598206
201,2.0,2.0,1.0,0.5555555555555556,1,0.5866892751165748,0.3343232923207467,0.26112759643916916,0.6280844211578369
202,2.0,2.0,0.0,0.5555555555555556,1,0.5554095488392465,0.24989039894782988,0.20499342969776607,0.6218947172164917
203,9.0,1.0,1.0,0.5555555555555556,2,0.5341614906832298,0.19906687402799375,0.2360248447204969,0.6467680335044861
204,8.0,1.0,1.0,0.7777777777777778,3,0.547846889952153,0.19760479041916168,0.2117224880382775,0.6312896609306335
205,6.0,1.0,0.0,0.6666666666666666,3,0.6180105944673338,0.2852091926929876,0.25544437904649797,0.6621688604354858
206,1.0,2.0,0.0,0.5555555555555556,2,0.5625405055087492,0.2712524334847502,0.2670123136746598,0.6961499452590942
207,2.0,1.0,0.0,1.0,1,0.6079691516709511,0.32046332046332043,0.32262210796915164,0.6993539929389954
208,8.0,1.0,0.0,0.5555555555555556,2,0.5529051987767585,0.2375995101041029,0.2507645259938838,0.6322100162506104
209,9.0,2.0,1.0,0.5555555555555556,2,0.633314383172257,0.3528742174160501,0.28197839681637293,0.7232415676116943
210,1.0,1.0,1.0,0.5555555555555556,2,0.606694560669456,0.2764397905759162,0.19769874476987448,0.6593449115753174
211,3.0,2.0,0.0,0.7777777777777778,2,0.6375690607734807,0.32632743362831856,0.27403314917127064,0.6650587320327759
212,8.0,1.0,1.0,1.0,1,0.5952836201402166,0.24377791959157627,0.2702358189929892,0.6664574146270752
213,1.0,2.0,1.0,0.8888888888888888,1,0.609625668449198,0.30513918629550313,0.23636363636363636,0.5952551960945129
214,2.0,2.0,1.0,0.8888888888888888,3,0.5084202085004009,0.242570281124498,0.19727345629510826,0.6576797366142273
215,9.0,2.0,1.0,1.0,2,0.6374305126621371,0.3302411873840445,0.3088326127239036,0.663748562335968
216,1.0,1.0,0.0,0.5555555555555556,1,0.6028571428571429,0.31077216396568164,0.23523809523809522,0.6546412706375122
217,8.0,2.0,0.0,1.0,2,0.5604075691411936,0.2376093294460641,0.20378457059679767,0.6145806312561035
218,1.0,1.0,0.0,0.8888888888888888,1,0.5340179717586649,0.23007712082262208,0.2297817715019255,0.6416971683502197
219,1.0,2.0,1.0,1.0,1,0.6252505010020041,0.2608695652173913,0.25116900467601877,0.6580175161361694
220,3.0,2.0,1.0,1.0,1,0.623351245725452,0.31687041564792173,0.2774792379091353,0.6506387591362
221,7.0,1.0,1.0,1.0,2,0.5132905591200733,0.3342516069788797,0.3556370302474794,0.6832976937294006
222,8.0,2.0,1.0,1.0,0,0.5950054288816504,0.29162132752992387,0.3018458197611292,0.6868732571601868
223,4.0,2.0,1.0,0.8888888888888888,1,0.6168705730843529,0.28626692456479685,0.2627173213135866,0.6595829725265503
224,8.0,1.0,1.0,1.0,2,0.6353591160220994,0.27544247787610615,0.256353591160221,0.6405283808708191
225,2.0,1.0,1.0,0.5555555555555556,2,0.5568824638592079,0.17747010698552548,0.20490257699560027,0.6471375823020935
226,12.0,2.0,0.0,0.6666666666666666,1,0.3842450765864333,0.23215067893123084,0.22144420131291032,0.5947813391685486
227,2.0,2.0,1.0,0.5555555555555556,1,0.6470219435736677,0.27495291902071567,0.23573667711598748,0.6625693440437317
228,8.0,1.0,1.0,1.0,2,0.6125211505922167,0.30717108977978547,0.2684715172024817,0.6287614703178406
229,9.0,2.0,1.0,1.0,1,0.6171745152354571,0.2651136993899057,0.24598337950138502,0.671100378036499
230,2.0,2.0,1.0,0.7777777777777778,1,0.6224018475750577,0.2901734104046243,0.22979214780600463,0.6468225717544556
231,4.0,2.0,1.0,0.5555555555555556,1,0.46247054863682263,0.2620410912765241,0.21339616290811175,0.6276900768280029
232,1.0,1.0,1.0,1.0,2,0.6597307221542228,0.3247549019607843,0.27539779681762544,0.6495273113250732
233,8.0,1.0,1.0,1.0,3,0.6192017259978425,0.29265658747300216,0.21898597626752966,0.6194329857826233
234,10.0,1.0,0.0,0.7777777777777778,4,0.585335797905114,0.2911782850092536,0.27603203943314847,0.6559129357337952
235,7.0,2.0,1.0,1.0,0,0.4725000000000001,0.23028785982478092,0.22249999999999998,0.6215264201164246
236,3.0,2.0,1.0,1.0,1,0.5370819195346582,0.2891800097040272,0.27629665535627723,0.6306337118148804
237,9.0,2.0,1.0,0.8888888888888888,1,0.5885634588563459,0.24022346368715083,0.20502092050209206,0.658210277557373
238,1.0,2.0,1.0,0.6666666666666666,1,0.6425992779783393,0.3313253012048193,0.3333333333333333,0.6500218510627747
239,8.0,1.0,1.0,0.6666666666666666,1,0.6392132759680393,0.288,0.26060233558696994,0.6551369428634644
240,8.0,1.0,1.0,0.7777777777777778,3,0.5922053231939164,0.3558515699333967,0.2965779467680608,0.6420220732688904
241,2.0,2.0,0.0,0.5555555555555556,3,0.48736462093862815,0.26829268292682923,0.2509025270758123,0.6810205578804016
242,8.0,2.0,1.0,1.0,3,0.6394686907020873,0.38022813688212925,0.3206831119544592,0.7214106321334839
243,8.0,2.0,1.0,1.0,3,0.6286065070595456,0.35279655808236016,0.30448127685696746,0.6696335673332214
244,8.0,1.0,0.0,0.5555555555555556,2,0.5544780376497432,0.19988577955454026,0.22133485453508273,0.655753493309021
245,3.0,1.0,1.0,0.5555555555555556,3,0.5715859030837005,0.2954796030871003,0.2797356828193832,0.690436601638794
246,1.0,1.0,0.0,1.0,2,0.6279650436953808,0.29000000000000004,0.26217228464419473,0.6593332886695862
247,9.0,2.0,1.0,0.6666666666666666,3,0.49382716049382713,0.2126081582200247,0.21481481481481482,0.602432131767273
248,1.0,1.0,0.0,1.0,1,0.5794871794871795,0.3239074550128535,0.39230769230769225,0.67486572265625
249,3.0,2.0,0.0,0.5555555555555556,2,0.542233209723939,0.3134020618556701,0.2620519159456119,0.6522546410560608
250,1.0,2.0,1.0,0.5555555555555556,1,0.5803161652218256,0.29096477794793263,0.25497195308516063,0.620406985282898
251,2.0,2.0,1.0,0.6666666666666666,3,0.5524861878453039,0.31646108039132287,0.23799405014874628,0.6502056121826172
252,13.0,2.0,0.0,0.6666666666666666,1,0.5211538461538462,0.23099133782483158,0.22211538461538463,0.6318277716636658
253,9.0,1.0,0.0,1.0,3,0.5479166666666666,0.19206680584551147,0.20625,0.6412877440452576
254,8.0,2.0,0.0,0.75,2,0.6265328874024527,0.32366071428571425,0.27759197324414714,0.6573458313941956
255,1.0,1.0,0.0,1.0,1,0.5306122448979592,0.24856909239574815,0.23510204081632652,0.6406605243682861
256,1.0,2.0,1.0,0.875,1,0.446785325099891,0.19920029080334423,0.17290228841264074,0.6148697137832642
257,2.0,1.0,0.0,1.0,1,0.6159936658749009,0.3045202220459952,0.29612034837688045,0.6746432781219482
258,9.0,2.0,0.0,0.6666666666666666,2,0.6031933767001774,0.22380106571936056,0.19041986989946777,0.6260630488395691
259,2.0,1.0,1.0,1.0,1,0.6639908256880734,0.3203214695752009,0.29128440366972475,0.6505478620529175
260,8.0,2.0,0.0,0.75,1,0.29833620195065974,0.16427340608845492,0.1904761904761905,0.6791797280311584
261,9.0,1.0,0.0,0.75,2,0.6007442849548112,0.2852581160191591,0.2700691121743753,0.653842031955719
262,8.0,1.0,1.0,0.6666666666666666,2,0.4657293497363796,0.2605633802816901,0.2390158172231986,0.6408101916313171
263,7.0,1.0,1.0,0.75,2,0.6535733769776323,0.3910431458219552,0.4004364429896345,0.6513552069664001
264,2.0,2.0,0.0,1.0,1,0.6083213773314204,0.3764367816091954,0.31994261119081774,0.6786054968833923
265,8.0,2.0,1.0,0.75,3,0.36552100381887614,0.18569087930092845,0.2236770321876705,0.6307938098907471
266,2.0,2.0,0.0,0.5714285714285714,1,0.5782082324455206,0.2762966553562773,0.24600484261501213,0.6171352863311768
267,1.0,2.0,1.0,0.875,1,0.4844943820224719,0.23481781376518218,0.2166292134831461,0.6289325952529907
268,8.0,1.0,1.0,0.75,2,0.6224010731052985,0.28072531900604436,0.2535211267605634,0.6852428913116455
269,10.0,2.0,0.0,0.75,3,0.6446629213483146,0.30801687763713076,0.3230337078651685,0.6799005270004272
270,2.0,2.0,1.0,0.875,1,0.65,0.2935153583617747,0.23522727272727273,0.6556417346000671
271,8.0,1.0,1.0,1.0,3,0.5918580375782881,0.3270637408568443,0.290187891440501,0.6680554747581482
272,2.0,2.0,0.0,1.0,1,0.257761053621825,0.11310084825636194,0.1411100658513641,0.5938016772270203
273,3.0,2.0,1.0,0.75,1,0.6399427344309234,0.34121863799283153,0.34216177523264135,0.6561834216117859
274,10.0,2.0,0.0,1.0,3,0.5541125541125541,0.2501547987616099,0.22263450834879409,0.6010261178016663
275,1.0,2.0,1.0,0.8888888888888888,1,0.6435331230283912,0.2905874921036008,0.2422712933753943,0.6752917766571045
276,8.0,1.0,1.0,0.875,2,0.5907859078590785,0.2401628222523745,0.24525745257452577,0.6127439737319946
277,1.0,1.0,1.0,0.8888888888888888,2,0.5475862068965516,0.3038674033149172,0.3296551724137931,0.6319468021392822
278,8.0,1.0,1.0,1.0,1,0.5636363636363636,0.31866464339908956,0.2681818181818182,0.6859915852546692
279,6.0,2.0,1.0,1.0,3,0.33359073359073355,0.1500386697602475,0.1606177606177606,0.6056804060935974
280,3.0,1.0,0.0,0.75,1,0.4703049759229535,0.18810289389067522,0.22792937399678972,0.6347362995147705
281,1.0,2.0,1.0,0.625,1,0.5750000000000001,0.3123262279888786,0.27685185185185185,0.6803964376449585
282,1.0,1.0,0.0,0.625,1,0.5641025641025641,0.2154065620542083,0.2393162393162393,0.6395524144172668
283,1.0,2.0,1.0,0.625,1,0.6327236777063766,0.2968827313211282,0.23727137913989127,0.6428596377372742
284,1.0,2.0,1.0,1.0,1,0.13463324048282266,0.07063197026022304,0.08542246982358404,0.5612788796424866
285,2.0,1.0,0.0,1.0,1,0.5924875974486179,0.269694819020582,0.2664776754075124,0.683888852596283
286,9.0,1.0,0.0,1.0,2,0.4264264264264264,0.2691729323308271,0.26126126126126126,0.6548252105712891
287,1.0,2.0,1.0,1.0,1,0.6277873070325901,0.3113909559244418,0.24471126357918813,0.6275575160980225
288,8.0,2.0,1.0,0.8888888888888888,3,0.6556798116539141,0.32410135533294054,0.3084167157151265,0.6788132190704346
289,1.0,2.0,1.0,0.6666666666666666,1,0.5898477157360407,0.25609756097560976,0.20913705583756345,0.6661496162414551
290,1.0,1.0,0.0,1.0,1,0.6604215456674473,0.32825322391559203,0.3278688524590164,0.6532285213470459
291,2.0,2.0,0.0,1.0,4,0.6097867001254705,0.2964824120603015,0.2572145545796738,0.634689450263977
292,1.0,2.0,1.0,1.0,1,0.6157303370786518,0.27156789197299325,0.2307116104868914,0.662120521068573
293,8.0,1.0,1.0,1.0,2,0.5717998700454842,0.269355888093689,0.24431448992852503,0.6660733222961426
294,1.0,1.0,0.0,0.625,1,0.6336633663366337,0.30453257790368266,0.26449787835926447,0.6786250472068787
295,8.0,1.0,0.0,0.7142857142857143,2,0.6164215686274509,0.2785276073619632,0.2438725490196078,0.639764666557312
296,1.0,2.0,0.0,0.75,2,0.589006555723651,0.281675921251893,0.24205748865355523,0.6235551238059998
297,8.0,1.0,1.0,0.5714285714285714,1,0.4679216288897427,0.22760476739715496,0.20514790626200535,0.6487799286842346
298,2.0,1.0,1.0,1.0,1,0.4328453214513049,0.23836838750796688,0.21642266072565244,0.6596556305885315
299,9.0,2.0,1.0,1.0,1,0.5602365114560236,0.28127313101406365,0.24094604582409462,0.657713770866394
300,2.0,1.0,1.0,1.0,2,0.6259914582062233,0.30788026878436164,0.2794386821232459,0.6435112953186035
301,8.0,2.0,0.0,1.0,2,0.46629213483146076,0.26300984528832627,0.24719101123595505,0.648216187953949
302,9.0,1.0,1.0,0.75,2,0.5489260143198089,0.28207171314741036,0.2561654733492442,0.6426442861557007
303,8.0,1.0,1.0,1.0,1,0.527363184079602,0.30879911455451026,0.24322830292979544,0.6498150825500488
304,1.0,1.0,0.0,0.875,1,0.578853046594982,0.24955116696588872,0.22759856630824374,0.6525218486785889
305,7.0,2.0,0.0,0.75,2,0.5997074597757192,0.2625671059053197,0.19697708434909797,0.6453948020935059
306,8.0,1.0,0.0,1.0,3,0.6084568918176825,0.2924683892248488,0.2701812191103789,0.5934420824050903
307,1.0,1.0,1.0,1.0,3,0.6129559063690802,0.2920980926430518,0.24387588459444748,0.6498099565505981
308,8.0,1.0,1.0,1.0,1,0.6047411707789067,0.3418886198547216,0.23996129656507015,0.6600844264030457
309,1.0,1.0,1.0,0.625,2,0.6209029066171924,0.25139318885448914,0.23995052566481137,0.6568965315818787
310,1.0,1.0,0.0,0.75,1,0.6206014075495841,0.28315182575272263,0.3134996801023673,0.690214216709137
311,1.0,2.0,1.0,0.875,1,0.6378103119032463,0.28808158062460165,0.2673456397199236,0.6620394587516785
312,5.0,2.0,1.0,0.625,1,0.46217048955837037,0.2199383350462487,0.17048955837042107,0.652915358543396
313,4.0,2.0,1.0,0.625,1,0.6059275521405049,0.29120879120879123,0.287596048298573,0.6577779054641724
314,9.0,1.0,0.0,1.0,2,0.5675877520537714,0.2513089005235602,0.27184466019417475,0.6276195049285889
315,8.0,1.0,1.0,1.0,2,0.6061684460260973,0.26365795724465557,0.26571767497034404,0.6756662726402283
316,9.0,2.0,1.0,0.625,1,0.5704330512692882,0.28699551569506726,0.23792931806869091,0.6347936987876892
317,1.0,1.0,0.0,1.0,1,0.6291759465478842,0.3054626532887402,0.25501113585746105,0.6829628944396973
318,2.0,2.0,1.0,1.0,1,0.6126604692341744,0.3668586619406291,0.2965914121292607,0.6965382695198059
319,4.0,1.0,1.0,0.8888888888888888,2,0.6312817617165443,0.30638778971170155,0.2619988706945228,0.6431680917739868
320,1.0,1.0,0.0,1.0,1,0.4616376531270149,0.24273724983860553,0.2269503546099291,0.6381559371948242
321,4.0,1.0,1.0,0.8888888888888888,2,0.5290556900726392,0.3054545454545455,0.28329297820823246,0.6443145871162415
322,1.0,2.0,1.0,0.75,1,0.5033320266562133,0.22518634758728912,0.1991375931007448,0.607509970664978
323,9.0,1.0,0.0,0.5555555555555556,3,0.5755935027072053,0.33263859941642354,0.2940441482715535,0.646945595741272
324,2.0,2.0,0.0,1.0,2,0.4149555623659209,0.23121741796994788,0.16855654305853512,0.6243274807929993
325,2.0,1.0,1.0,1.0,2,0.6767971946230275,0.3510825043885313,0.2571595558153127,0.6333158016204834
326,10.0,2.0,1.0,1.0,2,0.47025892232330296,0.2396636299929923,0.22813156053184047,0.6557714343070984
327,8.0,1.0,1.0,0.75,3,0.5292134831460674,0.2688413948256468,0.24606741573033708,0.5988478660583496
328,1.0,1.0,0.0,0.5555555555555556,1,0.6353901070882203,0.32976008167432364,0.25497195308516063,0.6649801135063171
329,1.0,2.0,1.0,1.0,1,0.5228931652289317,0.26179401993355483,0.26675514266755146,0.6327240467071533
330,2.0,2.0,1.0,1.0,1,0.6109563602599815,0.32806691449814124,0.2776230269266481,0.6416934132575989
331,2.0,2.0,1.0,1.0,1,0.631027253668763,0.32843651626442816,0.2662473794549266,0.690056324005127
332,3.0,2.0,1.0,1.0,1,0.5781142463867859,0.27153687112336317,0.276668960770819,0.6856377124786377
333,2.0,2.0,1.0,1.0,1,0.5685997171145686,0.2529495044832469,0.2197076850542197,0.6137811541557312
334,9.0,1.0,1.0,1.0,2,0.5988872028325747,0.3189873417721519,0.28022255943348506,0.6348385810852051
335,8.0,1.0,0.0,1.0,2,0.6339920948616601,0.29136975455265235,0.3019762845849802,0.6635315418243408
336,8.0,1.0,1.0,1.0,1,0.3650190114068441,0.2552380952380952,0.24904942965779467,0.6926873922348022
337,10.0,2.0,1.0,1.0,2,0.6631509558338826,0.3564356435643564,0.28477257745550427,0.6626383066177368
338,8.0,2.0,1.0,1.0,2,0.47558100370495116,0.2885069093360297,0.2155607948804311,0.6288053393363953
339,8.0,1.0,1.0,0.875,2,0.6588957055214724,0.33783783783783783,0.31656441717791406,0.6304424405097961
340,8.0,1.0,1.0,1.0,1,0.4466177669111654,0.20408163265306126,0.21678891605541972,0.6601535081863403
341,1.0,2.0,1.0,0.75,1,0.6693835965359144,0.36308006119326874,0.2771268466632705,0.6607649326324463
342,2.0,1.0,1.0,1.0,3,0.5806916426512968,0.3203463203463204,0.30835734870317,0.6927068829536438
343,8.0,2.0,1.0,1.0,2,0.6018991964937911,0.3335771762984638,0.2965668371073777,0.6825032234191895
344,9.0,2.0,1.0,1.0,0,0.4969512195121951,0.2671755725190839,0.2591463414634146,0.669967532157898
345,9.0,1.0,0.0,0.75,1,0.6730310262529834,0.3655913978494624,0.30190930787589493,0.711929440498352
346,1.0,2.0,1.0,0.75,1,0.5838187702265372,0.21386908619572262,0.24595469255663432,0.6499148607254028
347,2.0,2.0,1.0,1.0,1,0.5515632291180588,0.31106959364782816,0.26598226784881007,0.6257578730583191
348,3.0,2.0,0.0,1.0,2,0.49760000000000004,0.2602081665332266,0.19999999999999998,0.6248887777328491
349,9.0,1.0,1.0,0.875,1,0.5662847790507365,0.3113052976515565,0.2815057283142389,0.6372502446174622
350,1.0,2.0,1.0,0.5555555555555556,1,0.6655913978494623,0.35737351991388583,0.26129032258064516,0.6404305696487427
351,9.0,1.0,1.0,1.0,2,0.5283218634197989,0.2957074721780604,0.27739544732662785,0.6385626196861267
352,2.0,1.0,1.0,0.625,3,0.44084507042253523,0.23695345557122707,0.2661971830985916,0.5964277982711792
353,1.0,2.0,1.0,0.625,1,0.5885885885885885,0.283567134268537,0.23523523523523523,0.6360602974891663
354,4.0,2.0,0.0,0.625,1,0.5902353966870095,0.3036649214659686,0.2676547515257192,0.6228997111320496
355,13.0,1.0,0.0,0.75,3,0.518401266323704,0.26613861386138615,0.21764938662445588,0.6615259647369385
356,4.0,2.0,1.0,0.875,1,0.6496598639455782,0.3427922814982974,0.29818594104308394,0.649591326713562
357,3.0,2.0,1.0,1.0,1,0.42157558552164653,0.24449182658137883,0.2512420156139106,0.6359715461730957
358,1.0,2.0,1.0,0.625,1,0.32000000000000006,0.19119119119119118,0.2,0.6243177652359009
359,9.0,2.0,1.0,0.7777777777777778,1,0.6278392545136867,0.29737609329446063,0.27722772277227725,0.6809797883033752
360,1.0,1.0,0.0,1.0,1,0.38375796178343946,0.20095693779904306,0.2181528662420382,0.6426385045051575
361,8.0,2.0,1.0,1.0,3,0.6528138528138528,0.3642671292281007,0.2961038961038961,0.6755955219268799
362,8.0,2.0,1.0,1.0,2,0.5529411764705882,0.27249789739276703,0.2134453781512605,0.6717326045036316
363,8.0,2.0,1.0,0.875,2,0.6014814814814815,0.3005437469105289,0.22617283950617284,0.6805983185768127
364,2.0,2.0,1.0,1.0,2,0.5101634117178159,0.2592740327084164,0.24312475089677163,0.6323530673980713
365,1.0,1.0,1.0,1.0,1,0.605353466026081,0.2831615120274914,0.25669183253260125,0.6596381664276123
366,8.0,1.0,0.0,0.75,3,0.5981140547822181,0.3056179775280899,0.23170184104176023,0.6948133707046509
367,8.0,2.0,0.0,1.0,2,0.562429696287964,0.2702702702702703,0.24184476940382452,0.6135473251342773
368,9.0,1.0,1.0,1.0,2,0.5065666041275797,0.3118346900438322,0.23889931207004378,0.7174217700958252
369,9.0,1.0,1.0,1.0,3,0.6216216216216217,0.31701030927835055,0.31145431145431146,0.6933318972587585
370,3.0,2.0,1.0,0.7777777777777778,1,0.3594520547945206,0.22600109709270433,0.20712328767123286,0.6025341153144836
371,1.0,1.0,0.0,0.75,1,0.611877624475105,0.30150150150150146,0.2699460107978404,0.6030185222625732
372,9.0,1.0,1.0,1.0,3,0.5852187028657617,0.3029693004529441,0.2735042735042735,0.6739869117736816
373,9.0,2.0,1.0,1.0,2,0.6472177201512697,0.3299080584099513,0.26256077795786065,0.6441397070884705
374,2.0,1.0,0.0,0.7777777777777778,1,0.49009474590869945,0.25775862068965516,0.22308354866494404,0.6697352528572083
375,2.0,1.0,1.0,0.6666666666666666,2,0.36751194413818444,0.18021331371827876,0.16905549430356487,0.611050546169281
376,2.0,1.0,1.0,0.5555555555555556,2,0.4825622775800712,0.2606837606837607,0.21281138790035586,0.5997276902198792
377,9.0,2.0,1.0,1.0,3,0.6363636363636364,0.35867237687366166,0.2951871657754011,0.6971705555915833
378,9.0,2.0,1.0,0.5555555555555556,1,0.5872340425531916,0.2992545260915868,0.25319148936170216,0.6745262145996094
379,2.0,2.0,1.0,1.0,1,0.6402088772845953,0.30214323052796654,0.2610966057441253,0.6313430666923523
380,1.0,2.0,1.0,1.0,1,0.5493513818386915,0.2766798418972332,0.24816694867456288,0.685458779335022
381,1.0,2.0,1.0,0.5555555555555556,1,0.5681610247026532,0.2967032967032967,0.2717291857273559,0.6505875587463379
382,1.0,1.0,0.0,0.625,1,0.5923026744944554,0.2756368386675376,0.2622309197651663,0.6609509587287903
383,9.0,1.0,1.0,1.0,2,0.618756371049949,0.32755102040816325,0.28134556574923547,0.6543979048728943
384,1.0,2.0,1.0,0.6666666666666666,1,0.5834983498349835,0.3027098479841374,0.2706270627062706,0.6552093625068665
385,1.0,2.0,1.0,0.8888888888888888,1,0.615546218487395,0.31335436382754994,0.22163865546218486,0.6457871794700623
386,1.0,1.0,0.0,0.5555555555555556,1,0.5732866433216608,0.2964446670005008,0.23511755877938964,0.6878418326377869
387,8.0,2.0,0.0,1.0,2,0.4998121007140172,0.24595712673937567,0.2036828260052612,0.6098687648773193
388,1.0,1.0,0.0,1.0,1,0.3585657370517928,0.1437125748502994,0.18525896414342627,0.6093551516532898
389,8.0,1.0,1.0,1.0,2,0.5933551708001872,0.3353629976580796,0.25549836218998595,0.6739327311515808
390,8.0,1.0,1.0,1.0,2,0.5568120624663436,0.2587601078167116,0.25525040387722137,0.6649236679077148
391,7.0,1.0,1.0,0.5555555555555556,2,0.6613965744400526,0.3496042216358839,0.34782608695652173,0.62668776512146
392,7.0,1.0,1.0,0.5555555555555556,2,0.49325793823401476,0.19242490204614715,0.18703784254023487,0.6277703046798706
393,9.0,1.0,1.0,1.0,2,0.555696738670055,0.28232301822806277,0.23718763235916984,0.6437103748321533
394,9.0,2.0,1.0,1.0,2,0.6208985360928825,0.3658413340070743,0.28975265017667845,0.6897484064102173
395,9.0,2.0,1.0,1.0,3,0.5352798053527981,0.25995125913891143,0.28386050283860503,0.6549443602561951
396,1.0,2.0,1.0,0.6666666666666666,1,0.5954631379962193,0.30652790917691575,0.2438563327032136,0.6518478393554688
397,2.0,1.0,1.0,0.5555555555555556,2,0.6362763915547025,0.33045148895292986,0.30710172744721687,0.6797633171081543
398,7.0,1.0,1.0,0.5555555555555556,3,0.41644461362771223,0.20190476190476186,0.1636848115721355,0.6132698059082031
399,2.0,1.0,1.0,0.625,2,0.5179017485428808,0.2166666666666667,0.19567027477102414,0.6187887787818909
400,9.0,1.0,0.0,0.5555555555555556,3,0.3952887101407641,0.21040528887611382,0.16891697787991955,0.6247680187225342
401,1.0,1.0,0.0,1.0,1,0.2824858757062147,0.16534541336353342,0.17401129943502824,0.6469568014144897
402,1.0,2.0,1.0,1.0,1,0.636896046852123,0.3284457478005865,0.30453879941434847,0.6561374664306641
403,8.0,2.0,0.0,1.0,2,0.5799293998991427,0.3170116102978294,0.2612203731719617,0.6307410597801208
404,3.0,2.0,1.0,0.8888888888888888,1,0.5989356555394292,0.33995157384987895,0.2883405902273827,0.6516647338867188
405,1.0,2.0,1.0,0.7777777777777778,1,0.3522476050110538,0.1948339483394834,0.19602063375092116,0.660365879535675
406,2.0,1.0,1.0,0.7777777777777778,1,0.5775656324582339,0.2732919254658385,0.20715990453460623,0.6060197949409485
407,1.0,2.0,1.0,0.6666666666666666,1,0.5760992108229989,0.3600451467268623,0.23449830890642612,0.6597850918769836
408,8.0,2.0,0.0,1.0,3,0.5659536541889484,0.344335414808207,0.2905525846702317,0.6849518418312073
409,3.0,2.0,1.0,0.7777777777777778,1,0.4321154713576906,0.21851015801354404,0.21560667568786648,0.6067708134651184
410,10.0,1.0,1.0,0.7777777777777778,3,0.5229885057471264,0.27115858668857845,0.22085385878489325,0.6447580456733704
411,6.0,1.0,0.0,0.5555555555555556,1,0.5979381443298968,0.26506024096385544,0.26116838487972516,0.6694724559783936
412,9.0,1.0,1.0,1.0,1,0.5390450691655512,0.2867351496203662,0.24721106648817492,0.6348119378089905
413,5.0,1.0,1.0,0.5555555555555556,1,0.5093564582382473,0.2740977615349474,0.26837060702875404,0.6666179895401001
414,8.0,1.0,0.0,0.5555555555555556,2,0.5290728129910948,0.27267960146827475,0.27029858564693554,0.5614479780197144
415,8.0,2.0,0.0,0.7777777777777778,3,0.5487603305785124,0.28019856591285164,0.26666666666666666,0.649973452091217
416,9.0,1.0,0.0,0.6666666666666666,1,0.571785268414482,0.24249999999999997,0.21972534332084898,0.6513428092002869
417,2.0,2.0,1.0,0.8888888888888888,1,0.4803001876172608,0.292018779342723,0.2729831144465291,0.6487895250320435
418,1.0,2.0,1.0,0.7777777777777778,1,0.5879671832269827,0.3010948905109489,0.22515952597994532,0.6215997338294983
419,8.0,1.0,0.0,1.0,1,0.5385860766324879,0.30578065910318747,0.27738801942795466,0.696457028388977
420,8.0,2.0,1.0,0.5555555555555556,1,0.6458214894826606,0.28685258964143423,0.27060830017055143,0.6688596606254578
421,4.0,2.0,0.0,0.5555555555555556,2,0.4854227405247813,0.26404084609773887,0.23979591836734696,0.6601868271827698
422,8.0,2.0,1.0,0.5555555555555556,3,0.46631706333198875,0.27614049253128786,0.21460266236385642,0.64861661195755
423,8.0,2.0,1.0,0.8888888888888888,2,0.5985748218527315,0.35790725326991674,0.36342042755344417,0.6575989127159119
424,2.0,1.0,1.0,0.5555555555555556,1,0.4674955595026643,0.21400639886242445,0.17548845470692717,0.5882846117019653
425,8.0,2.0,0.0,1.0,3,0.5883762732174955,0.22435512897420518,0.21210305572198923,0.5731248259544373
426,9.0,1.0,1.0,1.0,2,0.6116098144823459,0.3211503894547633,0.2740873728306403,0.6609401106834412
427,2.0,2.0,1.0,0.7777777777777778,2,0.4581818181818182,0.21628189550425272,0.2521212121212121,0.6453105211257935
428,8.0,1.0,1.0,0.7777777777777778,3,0.5591715976331362,0.2992592592592593,0.31952662721893493,0.6657163500785828
429,1.0,2.0,1.0,0.6666666666666666,1,0.6579841449603625,0.3242630385487529,0.2548131370328426,0.6588476300239563
430,12.0,1.0,1.0,0.5555555555555556,1,0.485885372112917,0.3050556983718938,0.3507271171941831,0.6324527859687805
431,14.0,2.0,0.0,0.6666666666666666,2,0.6192560175054704,0.32530120481927716,0.31181619256017507,0.689633846282959
432,8.0,2.0,0.0,0.5555555555555556,2,0.6519928613920286,0.35735556879094693,0.2903033908387864,0.679732620716095
433,9.0,2.0,0.0,0.875,4,0.5459672870840383,0.21795595708639187,0.19402143260011281,0.5760948657989502
434,2.0,1.0,0.0,0.6666666666666666,1,0.6208791208791209,0.27785419532324623,0.3021978021978022,0.6371749639511108
435,12.0,2.0,1.0,0.7777777777777778,2,0.5992865636147443,0.29404761904761906,0.24137931034482757,0.6193799376487732
436,1.0,1.0,0.0,0.5555555555555556,1,0.6098790322580645,0.29061553985872857,0.21875,0.6365873217582703
437,9.0,2.0,0.0,1.0,1,0.6548448385053831,0.39822447685478757,0.3381887270424319,0.6807469129562378
438,6.0,2.0,1.0,1.0,1,0.4493964716805942,0.19348837209302328,0.20055710306406685,0.6341927647590637
439,10.0,1.0,1.0,1.0,1,0.5614545454545454,0.2738528769118718,0.2661818181818182,0.6874166131019592
440,9.0,2.0,0.0,0.5555555555555556,1,0.4624956792257172,0.24489795918367344,0.1956446595229865,0.5908289551734924
441,1.0,2.0,1.0,0.7777777777777778,1,0.6081694402420575,0.29984856133266025,0.2622289460413515,0.6753166317939758
442,5.0,1.0,1.0,0.6666666666666666,3,0.6674272675413577,0.346087949743004,0.318311466058186,0.6633696556091309
443,2.0,2.0,0.0,1.0,2,0.6304062909567497,0.28346456692913385,0.29357798165137616,0.6716324090957642
444,8.0,2.0,0.0,1.0,3,0.5593419506462984,0.31176470588235294,0.2796709753231492,0.675683856010437
445,8.0,2.0,1.0,0.5555555555555556,2,0.5310033821871476,0.2584650112866817,0.25140924464487036,0.6454177498817444
446,1.0,1.0,0.0,0.7777777777777778,1,0.44861215303825946,0.17731029301277237,0.19204801200300078,0.6246330142021179
447,1.0,2.0,1.0,0.6666666666666666,1,0.6373507057546145,0.2956521739130435,0.25732899022801303,0.6881548166275024
448,8.0,2.0,0.0,1.0,3,0.6700955180014695,0.3752759381898455,0.3262307127112417,0.7130850553512573
449,8.0,1.0,1.0,1.0,3,0.6284935241990456,0.33174061433447094,0.2631220177232447,0.658412754535675
450,2.0,2.0,1.0,0.5555555555555556,1,0.617,0.32932932932932935,0.27699999999999997,0.6834957003593445
451,9.0,2.0,0.0,0.5555555555555556,2,0.6573333333333333,0.30440587449933243,0.25066666666666665,0.6610220074653625
452,3.0,2.0,0.0,0.6666666666666666,2,0.5470332850940666,0.25507246376811593,0.2170767004341534,0.624675989151001
453,9.0,2.0,1.0,0.875,1,0.6446188340807175,0.35129068462401797,0.2858744394618834,0.6554498076438904
454,9.0,2.0,1.0,1.0,1,0.49522353840275135,0.2661567877629063,0.21627818112342376,0.6817286014556885
455,4.0,1.0,1.0,0.5555555555555556,1,0.614372945044622,0.31123648330982606,0.2583372475340535,0.6374968886375427
456,7.0,1.0,1.0,0.5555555555555556,2,0.5807560137457045,0.25573394495412843,0.22336769759450173,0.6730402112007141
457,8.0,2.0,0.0,0.75,1,0.5777096114519428,0.30194472876151485,0.2658486707566462,0.640152633190155
458,1.0,2.0,1.0,0.625,1,0.6218181818181818,0.2645631067961165,0.20848484848484852,0.6283127665519714
459,3.0,1.0,1.0,0.5555555555555556,3,0.6534772182254197,0.3649459783913565,0.27697841726618705,0.6879845857620239
460,2.0,2.0,1.0,0.6666666666666666,1,0.6178514163548904,0.3242375601926164,0.3142704436130412,0.6321734189987183
461,10.0,1.0,1.0,1.0,2,0.5907258064516129,0.284561049445005,0.22580645161290322,0.6477030515670776
462,8.0,2.0,1.0,0.8888888888888888,2,0.5529780564263322,0.20464532328939106,0.21191222570532917,0.6297399997711182
463,1.0,1.0,1.0,0.5555555555555556,1,0.6253398586188145,0.2721829069134458,0.22185970636215332,0.6409400105476379
464,1.0,1.0,0.0,0.5555555555555556,1,0.6845564074479737,0.31030701754385964,0.26725082146768897,0.6628785729408264
465,2.0,2.0,0.0,1.0,2,0.6160458452722063,0.29124820659971307,0.23065902578796563,0.6399408578872681
466,7.0,2.0,0.0,1.0,2,0.5908584169453736,0.28348214285714285,0.24526198439241917,0.6261411309242249
467,2.0,1.0,1.0,0.5555555555555556,2,0.4848210240144992,0.1687074829931973,0.16039873130946988,0.6424895524978638
468,3.0,1.0,1.0,0.8888888888888888,2,0.4460431654676259,0.2581717451523546,0.2789153292750415,0.6238540410995483
469,8.0,1.0,0.0,1.0,2,0.704480998298355,0.40658716638273706,0.30629608621667614,0.6830195784568787
470,9.0,1.0,1.0,1.0,2,0.6338302009073234,0.3244646333549643,0.3149708360337006,0.6862433552742004
471,8.0,1.0,0.0,1.0,2,0.6360893180446592,0.29123867069486403,0.27398913699456845,0.6491826176643372
472,10.0,1.0,1.0,1.0,2,0.5440956651718983,0.28628428927680794,0.2222222222222222,0.6784070134162903
473,9.0,2.0,1.0,1.0,2,0.6801112656467315,0.4442896935933147,0.33101529902642557,0.6498175263404846
474,1.0,1.0,0.0,1.0,1,0.7134751773049646,0.38778409090909094,0.30921985815602837,0.679902970790863
475,1.0,2.0,1.0,0.7777777777777778,1,0.6291208791208792,0.29986244841815685,0.3021978021978022,0.670785129070282
476,8.0,1.0,1.0,0.8888888888888888,2,0.5372374283895608,0.29827915869980876,0.2507956715467855,0.6342355012893677
477,8.0,1.0,1.0,0.6666666666666666,1,0.56640625,0.27174975562072334,0.2568359375,0.6257836222648621
478,8.0,2.0,1.0,1.0,3,0.6662234042553192,0.3568575233022636,0.28191489361702127,0.6813848614692688
479,2.0,1.0,1.0,0.5555555555555556,2,0.35916984328674295,0.19330224671470964,0.18720880982634475,0.6121934056282043
480,9.0,2.0,1.0,1.0,1,0.6284604176784847,0.32377248420029164,0.291403593977659,0.700679361820221
481,1.0,1.0,0.0,0.5555555555555556,1,0.6311834690043832,0.2846394984326019,0.2329367564182843,0.6470401287078857
482,8.0,1.0,1.0,1.0,1,0.5301743406347788,0.24250559284116333,0.20384443451050513,0.6026129126548767
483,8.0,2.0,1.0,1.0,2,0.6087602078693393,0.2988847583643123,0.2984409799554566,0.6603330969810486
484,8.0,2.0,0.0,0.7777777777777778,1,0.4786986831913245,0.23953488372093024,0.22230828814872194,0.6587195992469788
485,8.0,2.0,1.0,1.0,1,0.5922038980509745,0.28678678678678676,0.2728635682158921,0.6614236831665039
486,3.0,1.0,1.0,0.7777777777777778,2,0.35826558265582653,0.19197396963123645,0.14363143631436315,0.5706377625465393
487,8.0,1.0,1.0,0.6666666666666666,2,0.6031746031746031,0.2701711491442543,0.19413919413919412,0.6330362558364868
488,4.0,2.0,1.0,1.0,1,0.6531862745098038,0.3177914110429448,0.27450980392156865,0.645429253578186
489,4.0,2.0,0.0,0.5555555555555556,2,0.5669291338582677,0.3014778325123153,0.23818897637795275,0.643454909324646
490,1.0,2.0,1.0,0.5555555555555556,2,0.5837173579109064,0.2460276781137878,0.2201740911418331,0.6526864767074585
491,1.0,1.0,1.0,1.0,2,0.5684523809523809,0.2622950819672131,0.30357142857142855,0.6654256582260132
492,9.0,1.0,0.0,0.5555555555555556,2,0.6778900112233446,0.39662921348314606,0.3759820426487094,0.6645689606666565
493,10.0,1.0,0.0,0.6666666666666666,1,0.4631973745897797,0.21773815110276865,0.23816221284575714,0.6583821773529053
494,2.0,2.0,0.0,0.5555555555555556,3,0.5240449438202247,0.22941970310391363,0.19865168539325842,0.6743216514587402
495,8.0,1.0,1.0,1.0,1,0.6673808248527048,0.3989276139410188,0.29994643813604716,0.6263444423675537
496,10.0,1.0,0.0,1.0,1,0.5744444444444444,0.22246941045606228,0.21666666666666665,0.6440839171409607
497,8.0,1.0,1.0,0.7777777777777778,2,0.5464098073555166,0.2787028921998247,0.24956217162872155,0.6356920599937439
498,2.0,2.0,1.0,0.8888888888888888,1,0.5737292400603926,0.3133501259445844,0.2455963764469049,0.6529845595359802
499,1.0,2.0,1.0,0.7777777777777778,1,0.489969604863222,0.23006695069993913,0.22978723404255322,0.6655611991882324
500,3.0,2.0,0.0,0.6666666666666666,3,0.4951958610495196,0.2738712065136935,0.2660753880266075,0.6803470253944397
501,2.0,1.0,0.0,0.5555555555555556,1,0.32192846034214617,0.19314641744548286,0.2021772939346812,0.660194993019104
502,2.0,2.0,1.0,0.6666666666666666,1,0.39863713798977857,0.2318840579710145,0.19761499148211242,0.6016208529472351
503,2.0,2.0,0.0,1.0,1,0.45763939174511226,0.2697606961566352,0.29254163649529324,0.6680116057395935
504,8.0,2.0,0.0,0.7777777777777778,4,0.5141657922350472,0.2741596638655462,0.26128016789087094,0.6327467560768127
505,2.0,1.0,1.0,1.0,3,0.5112359550561798,0.22081575246132207,0.21488764044943823,0.6497831344604492
506,8.0,2.0,1.0,0.6666666666666666,3,0.5686635944700461,0.242619926199262,0.2258064516129032,0.606255829334259
507,2.0,2.0,0.0,0.5555555555555556,1,0.43484369511766774,0.18769771528998244,0.20512820512820515,0.6542105078697205
508,2.0,1.0,1.0,0.7777777777777778,2,0.60305745914602,0.23641160949868073,0.20558777016341592,0.627156138420105
509,3.0,2.0,1.0,0.5555555555555556,1,0.5965909090909092,0.2627986348122867,0.25113636363636366,0.6808159351348877
510,10.0,2.0,1.0,1.0,2,0.5352245862884162,0.27543776620918126,0.2127659574468085,0.6244640350341797
511,8.0,1.0,1.0,1.0,3,0.56664674237896,0.2980251346499102,0.26060968320382544,0.5750465393066406
512,8.0,2.0,0.0,0.5555555555555556,3,0.5806783144912641,0.2808641975308642,0.264131551901336,0.6345281600952148
513,2.0,2.0,1.0,0.7777777777777778,1,0.5682023486901535,0.33001808318264014,0.2800361336946703,0.6682375073432922
514,8.0,1.0,0.0,0.5555555555555556,2,0.5652173913043478,0.22850924918389554,0.2206521739130435,0.6526347398757935
515,1.0,2.0,1.0,1.0,1,0.6743682310469316,0.37599421547360806,0.3191335740072202,0.6778327226638794
516,8.0,2.0,0.0,1.0,2,0.5543130990415335,0.2752,0.292332268370607,0.6720284223556519
517,5.0,2.0,1.0,0.5555555555555556,1,0.5037878787878788,0.2835481425322214,0.22045454545454543,0.6433496475219727
518,4.0,1.0,0.0,0.6666666666666666,1,0.5829145728643216,0.198993851313583,0.20770519262981574,0.6288855075836182
519,10.0,1.0,1.0,0.5555555555555556,2,0.5674334686513306,0.33950338600451474,0.28597203428055934,0.6238849759101868
520,1.0,1.0,1.0,0.8888888888888888,2,0.5531547104580813,0.2476190476190476,0.25929127052722556,0.6365602612495422
521,1.0,2.0,1.0,1.0,1,0.6312292358803987,0.3193612774451098,0.26976744186046514,0.618242084980011
522,9.0,1.0,1.0,0.7777777777777778,1,0.5891016200294551,0.2565110565110565,0.21207658321060383,0.648077666759491
523,8.0,1.0,1.0,0.8888888888888888,1,0.5554965480616038,0.2583732057416268,0.24429102496016994,0.6628692746162415
524,2.0,1.0,0.0,1.0,1,0.6715222141296432,0.3967906637490883,0.4107793153678077,0.7224732637405396
525,8.0,2.0,1.0,1.0,3,0.5876152832674572,0.2744063324538259,0.24505928853754944,0.5689669847488403
526,8.0,1.0,1.0,0.8888888888888888,1,0.5294924554183813,0.2535469107551487,0.23685413808870598,0.646925151348114
527,2.0,2.0,1.0,0.5555555555555556,1,0.5593582887700534,0.20770877944325483,0.21497326203208553,0.6182050704956055
528,1.0,1.0,0.0,0.5555555555555556,1,0.6247755834829444,0.2967625899280576,0.2764811490125673,0.6992164254188538
529,2.0,2.0,1.0,0.7777777777777778,1,0.6308648954211418,0.3248443689869836,0.23516110797060485,0.6822429895401001
530,8.0,2.0,1.0,1.0,1,0.469608659450458,0.1634695579649708,0.20982514571190677,0.6009960770606995
531,3.0,2.0,1.0,0.7777777777777778,2,0.5037433155080214,0.2419700214132762,0.20748663101604278,0.6107847094535828
532,6.0,1.0,0.0,1.0,2,0.6025280898876404,0.32770745428973275,0.32865168539325845,0.707372784614563
533,1.0,2.0,1.0,0.6666666666666666,1,0.5526441162458313,0.21745350500715308,0.2020009528346832,0.6186259388923645
534,8.0,2.0,0.0,1.0,2,0.5846354166666667,0.21382007822685786,0.19270833333333334,0.5923025608062744
535,8.0,1.0,1.0,1.0,3,0.5900305188199391,0.23445463812436287,0.2685656154628688,0.6347130537033081
536,8.0,1.0,0.0,0.8888888888888888,2,0.5654450261780105,0.31610486891385764,0.32909498878085264,0.7133662700653076
537,13.0,2.0,1.0,0.5555555555555556,1,0.29456668163448585,0.15101123595505617,0.1643466546924113,0.6036059260368347
538,1.0,1.0,0.0,1.0,1,0.6642424242424243,0.3131067961165048,0.27757575757575753,0.6686462163925171
539,8.0,1.0,0.0,0.5555555555555556,0,0.5736568457538995,0.25173611111111105,0.2616984402079723,0.644083559513092
540,8.0,2.0,1.0,0.7777777777777778,3,0.6243194192377496,0.29800121138703817,0.2915910465819722,0.6824600696563721
541,13.0,2.0,1.0,0.7777777777777778,3,0.48856900931414055,0.3135593220338983,0.24386113463166806,0.6408689618110657
542,1.0,1.0,0.0,0.7777777777777778,1,0.5054286783976039,0.28400149868864744,0.23811306626731557,0.671265721321106
543,8.0,1.0,0.0,0.8888888888888888,3,0.6169491525423729,0.25797691785471827,0.26169491525423727,0.6621829271316528
544,3.0,1.0,1.0,0.625,2,0.5884444444444443,0.27604630454140694,0.2826666666666667,0.6168090105056763
545,8.0,1.0,1.0,0.7777777777777778,3,0.6553372278279341,0.3391812865497076,0.29739776951672864,0.696518063545227
546,9.0,1.0,1.0,1.0,2,0.5564588979223125,0.3131221719457013,0.32339656729900634,0.6245933175086975
