Model Name,issueArea,rouge1,rouge2,rougeL,bert_f1,align_score,unieval_coherence,unieval_consistency,unieval_fluency,unieval_relevance,unieval_overall
SLED,1.0,0.2962739603319506,0.1334450940264034,0.1493812519847881,0.6138290506142836,0.6076580478594853,0.3102446569258303,0.5696098654724844,0.5974286889950786,0.34962637292755,0.4567273960802359
SLED,2.0,0.2718900236459706,0.1236226880009349,0.1399270544575391,0.6119751890500387,0.5866418500741323,0.2894008204762921,0.5672891822209246,0.5966438018092035,0.2874802548705613,0.4352035148442453
SLED,3.0,0.266497915066227,0.1200999250182689,0.1379349362603932,0.6020661612351735,0.5785995751619339,0.2619565962998461,0.525537710299875,0.5822400125861215,0.2589707661853153,0.4071762713427894
SLED,4.0,0.2729891638012175,0.1176469780199693,0.1386865825365664,0.6020506829023361,0.5903035506606102,0.2444065941389725,0.5681727086204361,0.5782857618167745,0.2520612348164422,0.4107315748481563
SLED,5.0,0.2552884056772083,0.1140124026208985,0.1316595011073645,0.6003312289714813,0.6064331978559494,0.3803080611254796,0.5871030784049965,0.5214166886210387,0.451053140752283,0.4849702422259495
SLED,6.0,0.3235773720552076,0.1493793740071271,0.1715897172862621,0.6292182207107544,0.6388242443402609,0.4203389884778716,0.6620788672889547,0.6210735749316605,0.5162968409121474,0.5549470679026586
SLED,7.0,0.2625361290963948,0.1164838289295208,0.1329007948414853,0.611183762550354,0.6145242580345699,0.3433072216375625,0.5788952459082282,0.5809467690826111,0.4504527644014541,0.488400500257464
SLED,8.0,0.2883185098403987,0.1342857021025335,0.1512100847336929,0.6165847277295762,0.6006024300620176,0.3036596065531449,0.5904030879913301,0.5835583276645699,0.3552791768505596,0.4582250497649011
SLED,9.0,0.2864291014367373,0.1318060794362089,0.1500339207873063,0.6126295011490583,0.5988774592988193,0.3186938189771231,0.5881199766122065,0.6034777035822566,0.3681897248970108,0.4696203060171492
SLED,10.0,0.273276629834312,0.1272909701829037,0.1449746187033889,0.6132142610020108,0.6035804925141511,0.3735961681803073,0.5911858813101308,0.6284062363817837,0.3777404475914934,0.4927321833659288
SLED,12.0,0.3238771833575503,0.1588253627068216,0.1722947033502732,0.6214318200945854,0.5488595217466354,0.2242081311318334,0.5436500161189548,0.6336503346298862,0.2290497459045423,0.4076395569463042
SLED,13.0,0.2342607889358416,0.1134899431101159,0.129399798419378,0.6133698225021362,0.6195154984792074,0.4188407213888641,0.5620569378242454,0.603800632970218,0.3524237912538081,0.4842805208592839
SLED,14.0,0.2391817466561762,0.119779353821907,0.1589299763965381,0.6189007759094238,0.6953892111778259,0.4453099129816337,0.7047756222262206,0.8709212831994272,0.5725705906240613,0.6483943522578357
top_k_500,1.0,0.5748165688698195,0.2787692222782575,0.2458697970840198,0.6502063613671523,0.7019777467617622,0.7443680703082318,0.6134041146577118,0.7291293171785471,0.7197604919802862,0.7016654985311943
top_k_500,2.0,0.5476243940643983,0.2697630081136584,0.2393441422403689,0.646004875500997,0.6940697643491957,0.694121890245362,0.6054570658867228,0.7360328957409662,0.6760465657869965,0.6779146044150118
top_k_500,3.0,0.5482545780786369,0.2723036366802263,0.2460387404727709,0.6439461509386698,0.7124909301598866,0.8055365684318135,0.592614532038379,0.7378063994970936,0.7506713924123328,0.7216572230949047
top_k_500,4.0,0.5590102450573504,0.2794465027645534,0.2460963028034858,0.6399088859558105,0.7172845393419266,0.7198993699201873,0.6140960219393533,0.7251946321067894,0.7228368958552149,0.6955067299553862
top_k_500,5.0,0.5680507022549759,0.2714627662200141,0.2318698999939472,0.6516057252883911,0.7133180499076843,0.7949548251619548,0.5832866323218951,0.7640726558316564,0.7835381650397555,0.7314630695888155
top_k_500,6.0,0.5328896306512756,0.2619982509802415,0.2366383968924015,0.6553582814004686,0.687636759546068,0.8038013872569919,0.627199094745967,0.7404055782013893,0.8005631486699375,0.7429923022185714
top_k_500,7.0,0.5650878942595676,0.2783473070627397,0.2571458726258683,0.6307624408176967,0.7119435710566384,0.7063506711938298,0.6077566472770359,0.7221183057732042,0.6773580697516471,0.6783959234989293
top_k_500,8.0,0.5691397723006513,0.2797351892995328,0.2513030750519626,0.6492065454738728,0.6876669469950856,0.6863543711573806,0.6186469500837277,0.7388111432749704,0.6616518248422055,0.676366072339571
top_k_500,9.0,0.5735969907492915,0.2861941890711623,0.2595272995856579,0.654522922821343,0.6891970373690128,0.7272417652928779,0.6144730025373757,0.7168734720571819,0.7140536034405085,0.693160460831986
top_k_500,10.0,0.5449808749038557,0.2659966540317492,0.2416867283198389,0.644858510405929,0.6787573805561772,0.6685674721734196,0.6013435355498232,0.7209609953433068,0.6427008099327446,0.6583932032498235
top_k_500,12.0,0.5662598407454051,0.2824468149106731,0.2602168360739724,0.6442809700965881,0.6996792107820511,0.6091104342657743,0.6431658999005461,0.6855836062588858,0.5759076210608565,0.6284418903715157
top_k_500,13.0,0.4807784196347238,0.2399821048279893,0.2133498452726604,0.6361970206101736,0.7200468480587006,0.6007394034148216,0.5723782623663021,0.729592749332756,0.5358585377731958,0.6096422382217689
top_k_500,14.0,0.5056403450564035,0.3136212624584718,0.3357664233576642,0.6806154251098633,0.7986283302307129,0.1689937937334248,0.7050532280339175,0.7150838370719735,0.2630067482438714,0.4630344017707968
top_k_100,1.0,0.5737626327604299,0.280293180406555,0.2503507056554716,0.6526854602190164,0.7008682924967545,0.6849880542711174,0.6111328593730933,0.7183729469056307,0.6697069607396402,0.6710502053223704
top_k_100,2.0,0.5370765423310853,0.266192544225331,0.2397870806286946,0.6466501898235745,0.6973716941144731,0.6931000298418506,0.6124250490618087,0.7242712756297768,0.685112942114677,0.6787273241620283
top_k_100,3.0,0.5438551322231324,0.2764436823455858,0.2446123848004272,0.6389973342418671,0.71606871287028,0.7589693073470255,0.5732438244765645,0.7489746259287453,0.734016549228726,0.7038010767452653
top_k_100,4.0,0.5601006146041378,0.2777810154701773,0.2476857362035772,0.6472254633903504,0.7136102676391601,0.7464370784527735,0.6224594114908165,0.7110859753654392,0.7377621330475574,0.7044361495891467
top_k_100,5.0,0.5531212867605794,0.2750199932956498,0.233923382758135,0.643887972831726,0.6920034468173981,0.7843143252352649,0.560386353850402,0.7109471399092768,0.7955965921740316,0.7128111027922438
top_k_100,6.0,0.5474090883912465,0.2694135748597054,0.2498453205887134,0.6513339347309537,0.6993896100256178,0.6581983793966137,0.6575962730083332,0.717984889413457,0.6175917616816518,0.6628428258750139
top_k_100,7.0,0.5523945222411379,0.2708235665009951,0.243662407133196,0.6379735427243369,0.7113227333341327,0.7678216026684932,0.619908059606315,0.7391866898118309,0.7552200813775435,0.7205341083660457
top_k_100,8.0,0.5661626630996334,0.283206045218554,0.2544267709892333,0.6517190803652224,0.6949689543765524,0.7033330471860614,0.6167778808918012,0.7314406372672281,0.6669351068786598,0.6796216680559376
top_k_100,9.0,0.5779509195728711,0.2920586659372033,0.2637474592491712,0.6552811022847891,0.6905692480504513,0.707624390352965,0.609249337111363,0.7291094381375052,0.6788183485168207,0.6812003785296634
top_k_100,10.0,0.564573269564959,0.2726816776681428,0.2437666769537445,0.6439823596565811,0.7022818194495307,0.6277623230641167,0.591009009653697,0.7458473288412024,0.615325567084095,0.6449860571607778
top_k_100,12.0,0.6061565853603357,0.2950162080326725,0.2546891525183193,0.657310426235199,0.676018550992012,0.7244631170467655,0.6280350234020788,0.7179048871039829,0.6656916486067813,0.6840236690399022
top_k_100,13.0,0.4150694516801529,0.2156199199355842,0.1987224213133661,0.6319771210352579,0.7080202202002207,0.5412408726670506,0.65239561690712,0.8123436870539384,0.5558251388664445,0.6404513288736383
top_k_100,14.0,0.6491697911087306,0.3538873994638069,0.2999464381360471,0.6861775517463684,0.7328299880027771,0.8922101293648919,0.7046643970946722,0.7953496987621934,0.8680923269787069,0.8150791380501161
top_k_1000,1.0,0.5669394144099434,0.2739079080446686,0.2442299994160449,0.6521993366571573,0.695963877439499,0.7221642684240555,0.6169954179704585,0.7219970251070983,0.6948293560589052,0.6889965168901294
top_k_1000,2.0,0.5461333872465786,0.272297488626447,0.2416537232513701,0.6468041327264574,0.697923567559984,0.7059929713821864,0.6027056996292058,0.7326664536965819,0.6795331900590535,0.6802245786917569
top_k_1000,3.0,0.5355764625241445,0.267407957246405,0.2454979218597914,0.6422291815280914,0.7294177909692129,0.7320986493436354,0.5716431953457353,0.7377414840334705,0.6938537456683949,0.683834268597809
top_k_1000,4.0,0.5720380498393632,0.2747169954057079,0.2418448029296563,0.6448664605617523,0.7129489570856095,0.775062240983792,0.6220836232814071,0.717234897975441,0.7624595658485575,0.7192100820222994
top_k_1000,5.0,0.5541462036299095,0.2681842123692004,0.2409681674557588,0.6490961313247681,0.6754086196422577,0.7637083319291028,0.5594183772286941,0.7342743742636108,0.7398297639777972,0.6993077118498012
top_k_1000,6.0,0.5271039833488045,0.2658668315863915,0.2427799534801737,0.6553290486335754,0.6954824990696378,0.771037556563517,0.6545600674461602,0.733483091960423,0.687263038726545,0.7115859386741613
top_k_1000,7.0,0.5627480240707692,0.2742271875321825,0.2431624835416208,0.6364651279790061,0.7262037311281476,0.6535956275040735,0.6169377702458378,0.75607067681078,0.6560273172971814,0.6706578479644681
top_k_1000,8.0,0.5615116323827781,0.2774034475091801,0.2508409576549311,0.6492057749326678,0.688042251960091,0.6970003629229141,0.6155675961130351,0.7309653416788774,0.6657259707561431,0.6773148178677424
top_k_1000,9.0,0.5785656439143173,0.2879259449067498,0.2602379350971449,0.6561396811157465,0.6829011994414032,0.7119599967475876,0.608085557157722,0.7339816078598511,0.6888700538771051,0.6857243039105664
top_k_1000,10.0,0.5674846088989535,0.270860641408594,0.240675609898607,0.6485603186819289,0.7046690075485794,0.7083907951838007,0.5846956663462627,0.7275969398910797,0.7192146680224376,0.6849745173608951
top_k_1000,12.0,0.5724630734514893,0.2827973454446943,0.251170898796517,0.6522300764918327,0.6967289224267006,0.6197327965428088,0.6280831451545301,0.6971524937856647,0.6475449484255332,0.6481283459771342
top_k_1000,13.0,0.4635890486609396,0.2313130373937223,0.2019899225356285,0.6265824238459269,0.7003840108712515,0.6319461970060622,0.6295095544236329,0.7142704106542147,0.5923208781858168,0.6420117600674317
top_k_1000,14.0,0.341692789968652,0.2511773940345368,0.2617554858934169,0.6773886680603027,0.7975015640258789,0.809743792431821,0.8469968639173089,0.8536569592458666,0.626315307296495,0.7841782307228728
top_k_25,1.0,0.5675504011644417,0.2783261109763006,0.2490496509295561,0.6520799320477706,0.699698977286999,0.7307976393159131,0.6212540649956017,0.7243332692824445,0.6814400026235409,0.689456244054375
top_k_25,2.0,0.534109314106399,0.2650329006513966,0.238927304438082,0.6461674610773722,0.6991430222988129,0.7643240793355577,0.6066397337424964,0.7444334467231977,0.7157886263441965,0.707796471536362
top_k_25,3.0,0.5534187791496408,0.2798825661859386,0.2494244736196743,0.6384340107440949,0.7158484280109405,0.7446105241517071,0.5825282438896067,0.7298145084616711,0.7190822061012967,0.6940088706510703
top_k_25,4.0,0.5402852749648103,0.2675447092060796,0.2338907386359171,0.6377135276794433,0.7075455546379089,0.7202272732473529,0.6294756014137652,0.7231113397078859,0.6737409006685617,0.6866387787593915
top_k_25,5.0,0.5200607228090424,0.2438636031647349,0.2289589770735289,0.6493965923786164,0.696175491809845,0.6606594237407147,0.6014427866695882,0.7410441146866307,0.6112482929129539,0.6535986545024719
top_k_25,6.0,0.586843019067442,0.2827257844421319,0.2500989027919896,0.6572481261359321,0.7049383587307401,0.5935290462612282,0.6447121148304314,0.7457803401363212,0.581867704388596,0.6414723014041441
top_k_25,7.0,0.5436478774070292,0.2624857006977065,0.2383443915180922,0.6350875539439065,0.7060372105666569,0.6591906975480553,0.5969022017817901,0.7196776431153706,0.6194785649125991,0.6488122768394537
top_k_25,8.0,0.5617189615073974,0.2769355328330339,0.2504927156918121,0.6481844830340233,0.6960266461406929,0.7072541386650318,0.6242214463457388,0.7293223737856716,0.683706895599799,0.6861262135990603
top_k_25,9.0,0.5825833152606056,0.2949903231832008,0.2627041890593263,0.6604091301560402,0.6853224579244852,0.7680379432981352,0.6154598453605563,0.7154576403097661,0.7315492848168565,0.7076261784463286
top_k_25,10.0,0.5670099860643234,0.2736318126369878,0.2452829214266503,0.6421280635727776,0.6890850376199793,0.7818793736940342,0.6038948643271861,0.7124069606565638,0.7772912502738535,0.7188681122379094
top_k_25,12.0,0.6016252876777991,0.2991975236123023,0.2611802212563162,0.6520305052399635,0.6855641677975655,0.7529374624478972,0.6223160819873756,0.703323255732489,0.753279752701685,0.7079641382173617
top_k_25,13.0,0.5037964733756688,0.2535990169575216,0.2243938720692847,0.6394098401069641,0.7019791503747305,0.5380645252316328,0.5944595857199763,0.716689211118184,0.49510433555468,0.5860794144061182
top_k_25,14.0,0.6508620689655172,0.343042071197411,0.3523706896551724,0.6857381463050842,0.7316476106643677,0.8011413577804016,0.6175938233555761,0.6438927815092818,0.8510663801268198,0.7284235856930198
top_k_10,1.0,0.5765428453815715,0.2820908442286147,0.2534862616352438,0.6538577657479506,0.7057436319497915,0.7305872165695105,0.6267077687420348,0.7322889118913594,0.7081526935693822,0.6994341476930718
top_k_10,2.0,0.540648816799069,0.2684516047300885,0.238894010961026,0.6459392176734077,0.699951888455285,0.7350507216412794,0.6128855915575022,0.7412425211898682,0.7018990363169285,0.6977694676763946
top_k_10,3.0,0.5390458137707469,0.2716580013510675,0.2450976233277271,0.640304438273112,0.7165070017178853,0.7187439416849446,0.5818772731153071,0.7125098294230854,0.7058495905357761,0.6797451586897783
top_k_10,4.0,0.5472570302615274,0.2738210787219551,0.2432335521384227,0.6394744098186493,0.7132282465696335,0.6833081030607924,0.6318536771683692,0.7216349691029753,0.6601700498052738,0.6742416997843527
top_k_10,5.0,0.5074607945767842,0.2480559085285139,0.2305608318790958,0.6428963005542755,0.719519066810608,0.6782602900130928,0.5824258995277235,0.720088212211146,0.6340794837820862,0.6537134713835122
top_k_10,6.0,0.5637496821991889,0.2847231918545604,0.266614794153053,0.6602704657448663,0.7055608762635125,0.6955493607040436,0.6515947961762812,0.7114516726501028,0.6807664660485572,0.6848405738947462
top_k_10,7.0,0.5479874717248464,0.2746483378513874,0.2471891070895339,0.640292729650225,0.723057895898819,0.6812274391106437,0.6219893754164778,0.7316542715189266,0.6819324496243544,0.6792008839176006
top_k_10,8.0,0.5782751829272476,0.2856539672191545,0.2530407112763866,0.6513469318548838,0.7010105740332949,0.7580625228164518,0.6160068258755007,0.7394759402574089,0.739903270124017,0.7133621397683446
top_k_10,9.0,0.5746948316188043,0.2856032507266058,0.2587017142255736,0.6548764789476991,0.683817196637392,0.7133979896407852,0.616417926556055,0.7195967403185728,0.6991626725557127,0.6871438322677814
top_k_10,10.0,0.5734084336199702,0.2821632403281462,0.2477786898916109,0.6458998057577345,0.6921566989686754,0.835032463909058,0.5835240966802877,0.7259393931875268,0.8106563838717091,0.7387880844121454
top_k_10,12.0,0.5971837918894854,0.3000985156092258,0.2707024697462485,0.6516658961772919,0.68846595287323,0.6543647452737329,0.633318583619609,0.7349084503645142,0.6606163087327802,0.6708020219976591
top_k_10,13.0,0.4763007079168788,0.2420569249280334,0.2117648120206512,0.632521520058314,0.6945555408795675,0.568761595155071,0.6071838774987954,0.7456923650513966,0.5428638334532904,0.6161254177896384
top_k_10,14.0,0.6150367439231204,0.3237125070741369,0.3120407009609949,0.6872475147247314,0.8070859313011169,0.900519212012728,0.6484260785024241,0.789238763343174,0.8760532015227449,0.8035593138452678
top_k_75,1.0,0.5753725062528108,0.2794166435467703,0.253423108253488,0.6515484282603631,0.6983023840647478,0.7526242245867046,0.6138736683251128,0.7245369815766695,0.7240079703767534,0.70376071121631
top_k_75,2.0,0.5428470679782221,0.2694922545144774,0.2394879598664568,0.6450286143355899,0.7058638721704483,0.7423227818909011,0.6094935580313848,0.737214597827182,0.7138416614638126,0.7007181498033201
top_k_75,3.0,0.5220491777692094,0.2671846481869997,0.2452389443044388,0.639149530728658,0.7255214889844258,0.6181985882587995,0.5960568356800262,0.7326427200205796,0.6028298581599285,0.6374320005298334
top_k_75,4.0,0.5697511376615731,0.2849013042627289,0.2543776544411216,0.6371856689453125,0.7188267230987548,0.8049155325246001,0.6222296313930282,0.7194762056867774,0.7797910464697309,0.7316031040185341
top_k_75,5.0,0.5302399726865943,0.256861486438818,0.2338211933115973,0.6463477075099945,0.7191500246524811,0.7074935942821365,0.5870777071537925,0.7774760518015459,0.6561661657323011,0.682053379742444
top_k_75,6.0,0.5944742884869064,0.2799826778434877,0.2569364005170148,0.6576625837220086,0.71689287159178,0.7945756568611242,0.6437997246946036,0.7460235588798715,0.7985617137355016,0.7457401635427752
top_k_75,7.0,0.5440405423699132,0.2727476819281983,0.2444466818104402,0.6341671815940312,0.7263391784259251,0.6395478119113572,0.6183634396416215,0.7450489161039412,0.6214316683254003,0.65609795899558
top_k_75,8.0,0.5645126263786032,0.2806902826755057,0.2492828018740312,0.6504528794599616,0.6845984988022542,0.7074584843952374,0.6163675997452084,0.7191803916529809,0.6789144280792954,0.6804802259681805
top_k_75,9.0,0.5816777145625751,0.291175638168915,0.2572893809462941,0.65562485717237,0.6860734233632684,0.7595050926302879,0.6122440835389975,0.7314903407622871,0.7426613928698997,0.7114752274503681
top_k_75,10.0,0.5567081056099336,0.2693014401713545,0.2388876299163301,0.6407649958575213,0.6822970112164816,0.6410172593769173,0.5968793798644041,0.720857013829847,0.6223437938558811,0.6452743617317623
top_k_75,12.0,0.5942898275510388,0.2859044353882236,0.2508856959443907,0.6451663598418236,0.6599489524960518,0.6758753286188846,0.6166580309611662,0.7072346950232258,0.6692777351533166,0.6672614474391483
top_k_75,13.0,0.4876462958683906,0.2508913450828041,0.2207527328412111,0.630649209022522,0.6909135282039642,0.4928946115181821,0.5867480609153062,0.7528477644556876,0.4462653898995166,0.5696889566971731
top_k_75,14.0,0.5794392523364487,0.3406113537117904,0.3302180685358255,0.6830381751060486,0.7946681976318359,0.7766079317040021,0.655602085904493,0.7188819788137695,0.6671471837551091,0.7045597950443434
top_k_250,1.0,0.5651794653037665,0.2775368885360401,0.249391907473172,0.6533679045163668,0.7082243914787586,0.7196815219504566,0.6230458237256719,0.7246461538152055,0.6925373397775865,0.6899777098172302
top_k_250,2.0,0.5501898665239261,0.2689155022424801,0.2347260699824585,0.6468150675296783,0.697835734155443,0.7421045095927313,0.6005858540202154,0.723285263587074,0.7158138080312568,0.6954473588078194
top_k_250,3.0,0.5451703656961776,0.2740947252973547,0.2483412255875993,0.6395345787207286,0.7094708263874054,0.7792295053309105,0.5725767626087859,0.7177736957512537,0.7387218601293978,0.702075455955087
top_k_250,4.0,0.5531121902718299,0.2740793085670709,0.2505400690722961,0.6448565125465393,0.7091687977313995,0.6868785655593335,0.6184219317665537,0.7505540588778177,0.671959738913475,0.681953573779295
top_k_250,5.0,0.5632749261951633,0.2722807082653806,0.2422006753062999,0.6530649900436402,0.7012618064880372,0.8317669014856875,0.5699840477094895,0.7387018235040784,0.8068798080770809,0.736833145194084
top_k_250,6.0,0.563708159084896,0.2827316596105772,0.2502911714775012,0.6552512447039286,0.7079886992772421,0.7698645096452933,0.6361090616838924,0.7051647365675341,0.7193897528502027,0.7076320151867306
top_k_250,7.0,0.5298216193218126,0.2583837212304465,0.2380858558147331,0.6299728368009839,0.713047227689198,0.7422217765951319,0.6289149758636905,0.744856074701253,0.7157839554354252,0.7079441956488752
top_k_250,8.0,0.5645401655832185,0.2786912788563677,0.2500649927693671,0.6480177861192952,0.6876269704189854,0.7284854007014351,0.6213887654147973,0.7237877898506792,0.7021122747786481,0.6939435576863899
top_k_250,9.0,0.5803037418175567,0.2927936843579206,0.2601317850860674,0.6559034641832113,0.6905881431885064,0.7453937967690045,0.6129726199368667,0.7250763469448704,0.7360616900915832,0.7048761134355812
top_k_250,10.0,0.5589120348243953,0.2656496838272108,0.2329382410685225,0.6420779780105308,0.6871635891773082,0.7243041852202877,0.6047627769809422,0.7145280805371812,0.7083889951624562,0.6879960094752169
top_k_250,12.0,0.5612215236823922,0.2757958697616363,0.2445843587585217,0.6479742079973221,0.6576611697673798,0.6860913251252693,0.614864796784758,0.7237931668210886,0.6239702100862917,0.6621798747043519
top_k_250,13.0,0.4334606113039332,0.2260095666907519,0.2013023377456881,0.6326803465684255,0.7060456077257792,0.5821003812196094,0.6030585074082767,0.7394760300346696,0.4900197739104511,0.6036636731432516
top_k_250,14.0,0.6499454743729552,0.3602620087336245,0.3097055616139585,0.6746126413345337,0.7072045207023621,0.7761395229065098,0.6407600608986826,0.6815517642882647,0.7296040967538249,0.7070138612118204
top_k_50,1.0,0.571015123485851,0.2767141717125187,0.2476660370793522,0.6516688401882466,0.7092764826921316,0.7157568327869005,0.616780016712534,0.7207356083161748,0.689330327616902,0.6856506963581278
top_k_50,2.0,0.5442193557773622,0.2675070647960312,0.2375964230597358,0.6442405607965257,0.7004432088798946,0.7358078896709117,0.6052779443054702,0.7267965943514737,0.7078998206616859,0.6939455622473854
top_k_50,3.0,0.5423889494790295,0.2714021030150448,0.2424343851399373,0.6399781107902527,0.7244940559069316,0.7976125683987987,0.6008276814959991,0.7479364569326706,0.7327184309092132,0.7197737844341704
top_k_50,4.0,0.5518932043598724,0.2699527083437073,0.2461572740429456,0.6437198936939239,0.7129256188869476,0.7106136087587629,0.6175436331247286,0.7536319454214166,0.7058804703579761,0.6969174144157211
top_k_50,5.0,0.5528405645630177,0.2709196635561949,0.2419736757376487,0.6547134339809417,0.6976574003696442,0.8037283057262465,0.5786724107538583,0.7238078570370395,0.7633989646291173,0.7174018845365654
top_k_50,6.0,0.5585118649335463,0.2758740386357738,0.2591211925931382,0.6528652906417847,0.699414438671536,0.6293437053540835,0.681050571891606,0.7333010442681785,0.6393871675356189,0.6707706222623717
top_k_50,7.0,0.5546670171048858,0.2765854353206615,0.2409685003027733,0.6392512576920646,0.7131477424076625,0.78822918824393,0.6147930577359723,0.7407276810685025,0.7470564456110603,0.7227015931648663
top_k_50,8.0,0.5688431460000462,0.2796034142343958,0.2489396873638215,0.6502681499806003,0.6884470992330192,0.7381074861908763,0.6145844373282693,0.7353339287757871,0.7111527648421979,0.6997946542842827
top_k_50,9.0,0.5690309011405518,0.2863155704205118,0.2562779501940521,0.6522413324564695,0.6842818902805448,0.7283915703432042,0.6106557983802505,0.7387966280211714,0.7129993440691538,0.697710835203445
top_k_50,10.0,0.5742784332158265,0.2803978862143283,0.2468354565766607,0.6479980481995476,0.6960339744885763,0.7596644790097772,0.6088244297869984,0.7395963446710655,0.7397376362191207,0.7119557224217404
top_k_50,12.0,0.5694600350002008,0.2879344207251602,0.2557379451669249,0.6532425582408905,0.6632912307977676,0.75857264777978,0.6296925073126012,0.7631310906793999,0.7217162407898352,0.718278121640404
top_k_50,13.0,0.4641380900188149,0.2492803725584197,0.2278410265768934,0.6358910302321116,0.7081340650717417,0.7517736389665952,0.651674943183156,0.7426011787852914,0.6980186460081851,0.7110171017358069
top_k_50,14.0,0.6628506010303377,0.388538681948424,0.3319977103606181,0.6698019504547119,0.7896984219551086,0.865354932649139,0.6518472590638601,0.7256527174191406,0.839931317123646,0.7706965565639464
top_k_1500,1.0,0.5606433173635644,0.2753903887418689,0.2502290050110199,0.6516538633750035,0.6971231350531945,0.7403073528326439,0.6204143183680921,0.7325024288876094,0.7244833278759127,0.7044268569910646
top_k_1500,2.0,0.5323394124920741,0.265407313370445,0.235364313846116,0.646228943268458,0.6958439230918885,0.7326475074564616,0.6088207708208068,0.7315466674088887,0.6991539366614492,0.6930422205869016
top_k_1500,3.0,0.5421581660063892,0.2706556392920535,0.2441628085204352,0.6383658389250437,0.7176205277442932,0.7147403220178933,0.5788027712041723,0.7217797581602153,0.7055062401518222,0.6802072728835259
top_k_1500,4.0,0.549336927287259,0.2732085792194011,0.243077881211204,0.6403374135494232,0.7110678762197494,0.654536337474705,0.618294622770487,0.7133523595948689,0.648919936947171,0.6587758141968079
top_k_1500,5.0,0.5532694982768407,0.2637113128962774,0.2375779715113047,0.6526145160198211,0.6930851697921753,0.8128425705289875,0.5748957727610164,0.7254335020979081,0.7803011563600312,0.7233682504369858
top_k_1500,6.0,0.5615507893040926,0.2777315967001395,0.2595379767551569,0.6577282216813829,0.7128167549769083,0.628614288524961,0.6657149750034864,0.7409402625385669,0.6519219673652938,0.6717978733580772
top_k_1500,7.0,0.5176437192914708,0.2545944504218522,0.2414996818473475,0.6443358319146293,0.7178285675389426,0.6017110406123419,0.6257646837353991,0.7553401895374046,0.5663867876685613,0.6373006753884267
top_k_1500,8.0,0.5630299511026094,0.2764586279566656,0.2480771089344041,0.6463895016822262,0.6880540463371553,0.698854028974812,0.6127378038681022,0.7364107821688609,0.6782838433454623,0.6815716145893094
top_k_1500,9.0,0.5732735044658092,0.2869656928742493,0.258456587706006,0.6585182519629598,0.6824929667636752,0.7068886905527408,0.6134745684239711,0.7311928592503076,0.6813003102162217,0.6832141071108103
top_k_1500,10.0,0.5522701075949784,0.2687872579119394,0.2388079351557987,0.6442482383162887,0.6866581318555055,0.7461921138004727,0.6024407705309405,0.7261142394727566,0.721689923348642,0.699109261788203
top_k_1500,12.0,0.5625718822070853,0.2949629163450582,0.2671132266487263,0.6615692526102066,0.6758559867739677,0.5375311662317609,0.6527719833584833,0.7139508753496834,0.5474799397043048,0.6129334911610581
top_k_1500,13.0,0.4337215546544548,0.2184027704065238,0.2017015111850845,0.6267707943916321,0.7185078958670298,0.5837876063679209,0.6043871606517045,0.7299663483237148,0.5489803135802253,0.6167803572308913
top_k_1500,14.0,0.5130960376091336,0.3106926698049764,0.3116185359301544,0.6730425953865051,0.6874228119850159,0.713944273878931,0.7908515775972338,0.7445899813478384,0.3493548724542027,0.6496851763195515
top_k_2000,1.0,0.5671295755723087,0.275744840264246,0.2495352694426382,0.6508275275047009,0.7011918157339097,0.6996267871412635,0.6184473915796725,0.727192131944653,0.6763924819354278,0.6804146981502542
top_k_2000,2.0,0.5521397854377034,0.2704672303605047,0.2433349252004844,0.6468356847763062,0.6949660738309225,0.7377482014788882,0.6056907830617634,0.7395668652212469,0.728737367358238,0.7029358042800341
top_k_2000,3.0,0.5208561763712216,0.2648582372066028,0.2407648013164435,0.6410497268040974,0.7240181267261505,0.6098983110177661,0.5706810877741268,0.7144578978440818,0.5942140288686761,0.6223128313761628
top_k_2000,4.0,0.5241782839683921,0.2548512257262474,0.2324646728616055,0.641894617676735,0.707891047000885,0.5809434438335362,0.6491669786539311,0.7078141475896893,0.590514260533724,0.6321097076527202
top_k_2000,5.0,0.5146046096003939,0.2436702795961065,0.2247765160309218,0.6446220517158509,0.6977147579193115,0.7285977601145854,0.6140736052667013,0.7069296018495379,0.7067214834470462,0.6890806126694677
top_k_2000,6.0,0.5638061793537216,0.2708953748663583,0.2548705666726937,0.6485533581839668,0.7036274274190267,0.8094883905988403,0.6302696274322277,0.759312975243635,0.7638111395612088,0.7407205332089779
top_k_2000,7.0,0.5148760977528285,0.2614392084573666,0.232415670875633,0.6376104738031115,0.7183843382767269,0.7750019798357753,0.6431215719220751,0.7397569994836309,0.7131346192992754,0.7177537926351892
top_k_2000,8.0,0.562655358031932,0.2781389877241504,0.2512632154212447,0.6529253479363262,0.6903931764156922,0.6825166641352348,0.6196888827743784,0.7342109174237441,0.6549194888781442,0.6728339883028753
top_k_2000,9.0,0.5725682516090523,0.2845398169408683,0.255629182440839,0.6563006564974785,0.6845006966032088,0.760762135487288,0.6130247160324649,0.7236270794633805,0.7394645347071713,0.7092196164225761
top_k_2000,10.0,0.5630081947794306,0.2758518757812752,0.2512599962426402,0.6461740643889816,0.7160631705213476,0.7198553555824191,0.6050524242585253,0.7461888254046001,0.7052129207945925,0.6940773815100343
top_k_2000,12.0,0.5839247981452915,0.2920177332916666,0.2547494174672057,0.6444399654865265,0.6768360286951065,0.7433746560841317,0.6162588538284614,0.7374382756277044,0.6964456822954004,0.6983793669589244
top_k_2000,13.0,0.5102603109771318,0.2680001891547801,0.2146264342743271,0.6434744894504547,0.7005334397157034,0.7724107853143183,0.5794666666095657,0.7095191555251946,0.7651363107353965,0.7066332295461187
top_k_2000,14.0,0.6626571897211591,0.3995621237000547,0.3236741388737014,0.6792263388633728,0.7774611115455627,0.8852574049252159,0.7400351163051075,0.7315809109190058,0.8680583759297065,0.8062329520197589
liberal,1.0,0.5757163694489631,0.2766336513633732,0.2399188683093873,0.6438793086088621,0.6801321355196146,0.6692330032048491,0.6022558599549367,0.704117447826599,0.6602181908579656,0.6589561254610876
liberal,2.0,0.5559463896580998,0.2739756080228885,0.2332170984088308,0.6403070092201233,0.6882121311293707,0.6884480249254292,0.5937020005261,0.7126899568645471,0.6711480393310764,0.6664970054117881
liberal,3.0,0.5584461638455438,0.2810395637426727,0.2410605907371786,0.6314956367015838,0.6956444601217906,0.7223369298731422,0.5692232908833608,0.7066054870676306,0.719450180906838,0.6794039721827428
liberal,4.0,0.5549877324058811,0.2690097039356349,0.2271605604553515,0.6326200842857361,0.7006174474954605,0.6842716592986557,0.5928417749601106,0.6921475813684582,0.6633952081405041,0.6581640559419322
liberal,5.0,0.5619523182359939,0.2650809914581856,0.2245677637838579,0.6364266216754914,0.6788894474506378,0.8122551867429543,0.574498473965431,0.7355428212872843,0.8097880743261102,0.733021139080445
liberal,6.0,0.58896272440666,0.2775004365006344,0.2418975968626339,0.6540711919466654,0.6886093152893914,0.6607841120452248,0.596424335183085,0.7009986246280993,0.6206175587099187,0.644706157641582
liberal,7.0,0.5498464834881841,0.263802216210889,0.2227834768424006,0.6360351145267487,0.6836020393030984,0.6852538489347387,0.5833440087205624,0.7348765779099217,0.6925785944993325,0.6740132575161388
liberal,8.0,0.5680998442512296,0.2765195065880272,0.2376863417293932,0.6452759923278422,0.6684687992800837,0.656960916587329,0.6005120894417293,0.7056382240364307,0.6440220532151767,0.6517833208201664
liberal,9.0,0.5793163810131464,0.2846512208616143,0.246695653807295,0.6471948344260454,0.6727164527401328,0.7428720134603245,0.5990636280744331,0.7058096141991992,0.7225879138508458,0.6925832923962006
liberal,10.0,0.5568530808445368,0.2740360902998774,0.2383533962321655,0.6387657655609978,0.6818810944203977,0.7269881990713708,0.5778278562489993,0.7026165076138448,0.7019740312821036,0.6773516485540796
liberal,12.0,0.5464317411444662,0.2644553213025261,0.2351352768885911,0.635639600455761,0.6283959969878197,0.5221068221984972,0.5910370299181813,0.6743236919281204,0.4897843614619538,0.5693129763766882
liberal,13.0,0.4939418513407821,0.2544725621455166,0.2218532491866413,0.63339763879776,0.6921293437480927,0.5503831876787277,0.5832444764722032,0.6563449344472957,0.5348728792061886,0.5812113694511037
liberal,14.0,0.6786102062975028,0.3869565217391304,0.269272529858849,0.6685076951980591,0.7015489935874939,0.8631903086347749,0.64341884803559,0.7299920133787526,0.8586870860394505,0.7738220640221419
mixed_conservative_75,1.0,0.5734097287973406,0.2766558064501354,0.2374437485469559,0.6446912027322329,0.6921843409538269,0.721675085136706,0.6134051038754654,0.7221789996016134,0.7055939219451289,0.6907132776397283
mixed_conservative_75,2.0,0.5604629057712511,0.2731412568040969,0.2345340807532058,0.6423404686980777,0.6852656099531386,0.7675136478675828,0.5982030912496894,0.722233820568315,0.7458724758083335,0.7084557588734802
mixed_conservative_75,3.0,0.5491048071588099,0.2745653358573712,0.241356663734486,0.6331182102362315,0.7155340433120727,0.7566463849370632,0.5731122305555799,0.7377800816304471,0.7442584080183767,0.7029492762853666
mixed_conservative_75,4.0,0.5726717741774123,0.2777460523002015,0.2329026630165216,0.6353031069040298,0.7100625246763229,0.76873418120183,0.6067574916010259,0.7078146567604324,0.7599580814868755,0.7108161027625409
mixed_conservative_75,5.0,0.5214375887245668,0.2492462632920208,0.2217384799197323,0.6319427251815796,0.7036806404590606,0.837430847317387,0.5768639356983443,0.7494382889956681,0.8113451431295114,0.7437695537852278
mixed_conservative_75,6.0,0.5341351485623549,0.2613100367835284,0.2449323349722324,0.655176215701633,0.6529354055722555,0.7245333902791675,0.6444884291466471,0.6310355190204909,0.7158145288640283,0.6789679668275834
mixed_conservative_75,7.0,0.5649857359744047,0.2739889573749996,0.2414227829668107,0.6318163190569196,0.7231186500617436,0.6359655334068022,0.6253663430339547,0.7261359100450184,0.6447941861404474,0.6580654931565556
mixed_conservative_75,8.0,0.5691175704258787,0.2763431996323948,0.2409137468621559,0.6453864885413129,0.6784314396588699,0.7302460930156508,0.6133916222598869,0.7082962914111964,0.7188579863407728,0.6926979982568767
mixed_conservative_75,9.0,0.5807663323740482,0.2866470331696686,0.2503446815563177,0.650323398411274,0.6822263859212399,0.7320288907599807,0.6244524395311514,0.709937650120184,0.7118258810798596,0.6945612153727939
mixed_conservative_75,10.0,0.5786498776707266,0.2820986926035198,0.2406070977190912,0.6469549382174457,0.6627757615513272,0.7381808069143875,0.5900910934011206,0.7121080227720673,0.7329939804442341,0.6933434758829525
mixed_conservative_75,12.0,0.5434011302719672,0.2570598957823635,0.2341240368792719,0.6485693976283073,0.6597771793603897,0.645838235511473,0.6353612094526896,0.6788845518945175,0.6413652722231026,0.6503623172704457
mixed_conservative_75,13.0,0.51986936882294,0.2610554051581039,0.2142280974779288,0.6314100027084351,0.6881374617417654,0.8004895150875099,0.5737625080533846,0.7202319457831696,0.7944817132974453,0.7222414205553774
mixed_conservative_75,14.0,0.3097072419106317,0.1743827160493827,0.1679506933744222,0.6387465000152588,0.7438035011291504,0.2449832932658815,0.6514711473895499,0.598875222574241,0.1164118287365786,0.4029353729915627
temperature_0.7,1.0,0.5630127079622933,0.2750181080009438,0.2489593917688406,0.6506192344885606,0.7096954221908863,0.6880362209376776,0.628473767869057,0.737754160681059,0.6564925766040103,0.677689181522951
temperature_0.7,2.0,0.5487678047787578,0.2733245847152464,0.2451987987906651,0.6448804941442278,0.6907588528262244,0.7579810014502807,0.6114879589062262,0.7407939638653865,0.7258055810866376,0.7090171263271328
temperature_0.7,3.0,0.5325916451856483,0.2721603076816233,0.2501657724258043,0.6431741078694662,0.7168352345625559,0.70322301553122,0.5895869145195398,0.7250129035180477,0.668843012572618,0.6716664615353564
temperature_0.7,4.0,0.57414022221329,0.2832063399435072,0.2553822773380392,0.6450460851192474,0.7201560914516449,0.7096607458187304,0.6314217567804088,0.7246467555400468,0.7038743623272158,0.6924009051166005
temperature_0.7,5.0,0.5340843382591445,0.2575657799242756,0.2404073697147839,0.6486910283565521,0.6976114392280579,0.8316261195387739,0.5966903469884178,0.7458058806849899,0.7543599145349524,0.7321205654367835
temperature_0.7,6.0,0.5797281288076473,0.2850473184441679,0.2525014973934756,0.6524969471825494,0.7144763271013895,0.7573280395841154,0.6661599146986688,0.7452311688221649,0.7122282282145761,0.7202368378298813
temperature_0.7,7.0,0.5817930815355068,0.2855680476181782,0.2459704945897822,0.638624370098114,0.7285150800432477,0.8391001902579746,0.6105736214153464,0.7580230864233178,0.8370119833266555,0.7611772203558236
temperature_0.7,8.0,0.5709750688223921,0.2809285205143154,0.2522784750284988,0.6489051839579707,0.7002920625002488,0.7140760272497189,0.6164811410710611,0.7324828002563367,0.6843575727249556,0.6868493853255181
temperature_0.7,9.0,0.5819732888021947,0.2918012158758847,0.2621910855572268,0.6548617510125041,0.6869336878880858,0.7688734625697508,0.6085345694250229,0.7341122156032653,0.7493850492691481,0.7152263242167968
temperature_0.7,10.0,0.5586592725081606,0.272698334073302,0.2423462108635828,0.6451920646208303,0.7040271361668905,0.7630489954367582,0.612426756076133,0.7553215413454618,0.7455364398269879,0.7190834331713353
temperature_0.7,12.0,0.5863761831169956,0.2836246882802771,0.2506853510331076,0.6459086090326309,0.6549927368760109,0.6585491956070463,0.6090257402123884,0.7174301437223931,0.6266270917666774,0.6529080428271263
temperature_0.7,13.0,0.5089901209260228,0.263762894323768,0.225280792746942,0.6327278316020966,0.7034846842288971,0.7360591046429033,0.6050952713676238,0.7471112518565409,0.7260403972471258,0.7035765062785485
temperature_0.7,14.0,0.4332855093256814,0.278735632183908,0.2955523672883787,0.6665546298027039,0.7875173091888428,0.8774058225917448,0.8405145906451001,0.7370061317149083,0.8429933654542816,0.8244799776015088
temperature_0.5,1.0,0.5753846917685173,0.2802395577004217,0.2494462778053876,0.6500269807302035,0.7073318857413072,0.6965845505885563,0.6157701752541169,0.733424237017792,0.6769044752283484,0.6806708595222034
temperature_0.5,2.0,0.5412843563019639,0.2715507288060544,0.2432358645134132,0.6462477829721239,0.702103242609236,0.7093157671040379,0.6101652063309897,0.7296440658171102,0.6742670995778458,0.6808480347074959
temperature_0.5,3.0,0.5413941419252111,0.2751382377415818,0.2473523893430542,0.6442376812299092,0.7203848580519359,0.7301730445904456,0.5871736023079175,0.7423647194367582,0.6966410499891443,0.6890881040810665
temperature_0.5,4.0,0.5644521884474341,0.2793126464167237,0.2564123740376259,0.6382682412862778,0.7025277376174927,0.7214636993162112,0.6241003523987225,0.7441863616461353,0.6840453436971122,0.6934489392645453
temperature_0.5,5.0,0.5516137797641615,0.2644611131014998,0.2356728478693038,0.6568278253078461,0.6808316230773925,0.713350865826632,0.5783584429692695,0.7072173044467454,0.7429679448239939,0.6854736395166602
temperature_0.5,6.0,0.5297782865785453,0.2682370693027665,0.249899224152562,0.6521807975239224,0.7050675551096598,0.7324903986623821,0.6801428327763533,0.7349339167084333,0.6842623772920173,0.7079573813597966
temperature_0.5,7.0,0.5253806476651329,0.2605553073557346,0.2437866726810821,0.6389403896672385,0.7105248485292707,0.6805252554096962,0.6206212555393399,0.7451470519202871,0.6441679381825819,0.6726153752629763
temperature_0.5,8.0,0.5644117095175711,0.2802589197188423,0.2540091240557049,0.6484786457773568,0.7025925400464431,0.7174747102818193,0.6208200163118771,0.7311378864454398,0.6811957196840164,0.6876570831807881
temperature_0.5,9.0,0.5619631968290435,0.2795935199674344,0.251558013932319,0.6559221753850579,0.7004432454705238,0.7395090531270189,0.6324427705178333,0.7274889048200063,0.7019166646812939,0.7003393482865381
temperature_0.5,10.0,0.5282395307900215,0.2633663514729331,0.244252462162431,0.6450930105315315,0.6850456462966071,0.6327264150527792,0.6145399742168789,0.7371660218679031,0.5987880099124903,0.6458051052625129
temperature_0.5,12.0,0.6098945546559238,0.3078052798128497,0.2689650321175805,0.6458227634429932,0.7094201296567917,0.5776689506011594,0.6350639673812544,0.6968212038996429,0.5595060244233598,0.6172650365763541
temperature_0.5,13.0,0.4406964337654496,0.2262051363775847,0.2001100529890035,0.6363440652688345,0.7108246088027954,0.5740439683185461,0.5924260614432159,0.7225410660553854,0.5350878555992366,0.6060247378540959
temperature_0.5,14.0,0.5577889447236181,0.3295597484276729,0.3580402010050251,0.664485514163971,0.74214106798172,0.2648318102601185,0.6492902691399469,0.7435384182941943,0.2570310200761967,0.4786728794426141
temperature_0.9,1.0,0.5704015523870243,0.2768503331194226,0.2486483401413489,0.6510307238652155,0.704275544331624,0.7160344559138413,0.6180438231909073,0.7256659081895098,0.6891868862180839,0.6872327683780856
temperature_0.9,2.0,0.5437484635985724,0.2701436267331066,0.2392369346305617,0.6449957993295458,0.7018617755836911,0.6986653730524928,0.6163007306408748,0.7306711701883118,0.675667366662145,0.6803261601359561
temperature_0.9,3.0,0.5354707752312344,0.2726096164712226,0.2441757314583719,0.640642895301183,0.7260736227035522,0.7104489303892715,0.5813988576585647,0.7502053968809541,0.6894922845545729,0.6828863673708409
temperature_0.9,4.0,0.5425966130667903,0.2751943426292301,0.2526639681436787,0.6416991025209426,0.7201709985733032,0.718036415463474,0.6389803083630422,0.7060663026619729,0.688847304087963,0.687982582644113
temperature_0.9,5.0,0.5441419050926534,0.2642882278331121,0.2375682099749002,0.6561834335327148,0.7087648928165435,0.8060579832775308,0.5920090388122248,0.7373612646255985,0.7418900200893557,0.7193295767011774
temperature_0.9,6.0,0.5824397780870059,0.2794681555847004,0.2599737232999005,0.6670414739184909,0.6955055395762125,0.7590876340366145,0.6381976637622074,0.7274989921074642,0.7214399894835093,0.7115560698474489
temperature_0.9,7.0,0.5451274526812087,0.2733756413510506,0.2402715933319004,0.6415532146181379,0.7326578497886658,0.7001171798861583,0.6192818986984385,0.7334286494865505,0.6811716695625151,0.6834998494084157
temperature_0.9,8.0,0.5615126791032806,0.2788954480365854,0.2493468210807139,0.6492113501265429,0.6893870709598928,0.7319676510673855,0.6195951802844979,0.7323341092294741,0.6898510998443113,0.6934370101064171
temperature_0.9,9.0,0.5679237771255684,0.2808029436997815,0.2546886743294151,0.6556955389678478,0.6895806798711419,0.7481030269041358,0.6280064571295116,0.7393337120412004,0.7314471009177604,0.7117225742481521
temperature_0.9,10.0,0.5352794127223937,0.2668535006840224,0.2385032354702863,0.6474429898791842,0.6845535481417621,0.7023229107785263,0.6232546791386393,0.730420909662885,0.6771948548367972,0.6832983386042119
temperature_0.9,12.0,0.5407039316899097,0.2734782091950097,0.2514907701757805,0.6585519090294838,0.6979571506381035,0.6102062224630067,0.6630689938840473,0.7335327192493794,0.5803357395174633,0.6467859187784741
temperature_0.9,13.0,0.4454945005070059,0.2124807353630853,0.2013554667706746,0.6306033333142599,0.7352854708830515,0.5736465634678131,0.6286925733480314,0.7355136569964397,0.5284717922419656,0.6165811465135626
temperature_0.9,14.0,0.6845206213176219,0.3785522788203753,0.3277986073915372,0.6867716312408447,0.8038832545280457,0.8970863917431265,0.7523180444447903,0.7889501681136177,0.8942096593721238,0.8331410659184146
temperature_0.4,1.0,0.5751159519042164,0.2819572794038345,0.2529768840977239,0.6509597411522499,0.7027667545355283,0.7031963740558154,0.6174050110964617,0.7192957512629649,0.6824403664774642,0.6805843757231765
temperature_0.4,2.0,0.5418951286940095,0.2701611350093522,0.2428826588145672,0.6471560981538561,0.6987497203879887,0.7261264139482901,0.6107572511472418,0.7324785992078754,0.6891554177892409,0.6896294205231621
temperature_0.4,3.0,0.5522281507483646,0.2847087869449058,0.2515873868060058,0.6424667119979859,0.725626806418101,0.6880363429624843,0.5910129413747381,0.7318414666474973,0.6477551302322133,0.6646614703042334
temperature_0.4,4.0,0.5386721633907303,0.2680907311743947,0.2498285308015596,0.6409306079149246,0.700832125544548,0.6253810775556575,0.6257603598015534,0.7135744784574982,0.6051787189266974,0.6424736586853517
temperature_0.4,5.0,0.5484323048340962,0.2704083581265539,0.2377839875162391,0.657629930973053,0.7026516973972321,0.7645908441721231,0.5859025336826744,0.7624777420297756,0.7463442471352428,0.714828841754954
temperature_0.4,6.0,0.5541659927571297,0.2710934540024895,0.2545539233886156,0.6495615111456977,0.6956434713469611,0.6626846764998713,0.684066120781833,0.7279437539230607,0.5855343764200082,0.6650572319061934
temperature_0.4,7.0,0.522812360934303,0.2607800969085515,0.2363037863030327,0.6314148775168827,0.7197700781481606,0.6710316789587655,0.6305875437264257,0.7444714531421345,0.6512970715101122,0.6743469368343594
temperature_0.4,8.0,0.5677213958014995,0.2815942365811669,0.2541807149302662,0.650107425192128,0.6959822609804679,0.7051082614350047,0.6198805104005383,0.7347913308973242,0.671144522656952,0.6827311563474548
temperature_0.4,9.0,0.5725577673691683,0.287302355459395,0.2603437483408113,0.65539959538728,0.6922167390584946,0.7238616997210535,0.6209442361996552,0.7267568992320471,0.7013918992646313,0.6932386836043468
temperature_0.4,10.0,0.5241929448332183,0.2554265548022735,0.2373572979771299,0.6444867209151939,0.7013034776405052,0.6588324498348221,0.6335960207368792,0.7320957028399312,0.6327959180600343,0.6643300228679166
temperature_0.4,12.0,0.6082253418714905,0.3137665229449684,0.2747641174957153,0.6451618298888206,0.6855625063180923,0.5851531244126704,0.5972495868095135,0.7005124244295438,0.5707687319372315,0.6134209668972399
temperature_0.4,13.0,0.5042394434888132,0.2642086998440615,0.226468543454715,0.6459332903226217,0.7080107827981313,0.5491437116989974,0.6182153069546148,0.7148040600989046,0.4913511935542838,0.5933785680767002
temperature_0.4,14.0,0.6393530997304583,0.3497031840259039,0.3428571428571428,0.6896337270736694,0.7882481217384338,0.9112480245149208,0.6662201149729399,0.7975791492633185,0.8937648063842037,0.8172030237838458
temperature_0.8,1.0,0.5590593315598305,0.2741352076089922,0.2498564255320878,0.6538655024308425,0.7021554598441491,0.6721296676247142,0.6166685544975419,0.7226381131437258,0.6593904707039102,0.667706701492473
temperature_0.8,2.0,0.5353126800532588,0.2703064593620263,0.2402962630899853,0.6452097415924072,0.698613703250885,0.6999097149072093,0.6162891550230601,0.7307605532845048,0.678213804941902,0.681293307039169
temperature_0.8,3.0,0.5479378280207567,0.2760669309526827,0.2460661910691667,0.6402467926343282,0.7214564363161723,0.6732041042617402,0.5844167987662521,0.7374640440040028,0.6518455964989711,0.6617326358827414
temperature_0.8,4.0,0.5641289369567233,0.2807995213612332,0.2488352143706524,0.6421716630458831,0.72710020840168,0.7213949259347068,0.6279436591319781,0.738346528348509,0.7195082154952684,0.7017983322276156
temperature_0.8,5.0,0.5505000427028258,0.2635251011747382,0.2417058932247937,0.6516735076904296,0.7065406024456025,0.7264933566990557,0.5881089858072898,0.7179911543017233,0.7059534474437739,0.6846367360629607
temperature_0.8,6.0,0.556852218677014,0.2697615385952877,0.2512030039420896,0.6537304586834378,0.7227649026446872,0.636680488155914,0.6695206380494864,0.7293416881922187,0.6277835957040134,0.6658316025254081
temperature_0.8,7.0,0.5567668170583097,0.278477150241763,0.2405549679615413,0.6369959882327488,0.7151798435619899,0.6954510521557766,0.5967400609424285,0.7335640534670793,0.7061609359420344,0.6829790256268298
temperature_0.8,8.0,0.5657780255677518,0.2786271933697191,0.2540939991365612,0.6478290449881899,0.6961882822755454,0.7076103488535371,0.6151335580127144,0.7319838259952156,0.6695645194492316,0.6810730630776747
temperature_0.8,9.0,0.5732772465268496,0.2881280431645768,0.2552768016702838,0.6543771391734481,0.6930252434685826,0.7291418479810864,0.6146179294357187,0.7289320922613685,0.7131399835718928,0.6964579633125165
temperature_0.8,10.0,0.5674335037991775,0.2717123195693179,0.2425693409764592,0.6454808115959167,0.6789020653124209,0.7137692976450054,0.5903554705244708,0.7278232705212921,0.7159205271945924,0.6869671414713402
temperature_0.8,12.0,0.5882386363687067,0.2905468473136272,0.2576070838973766,0.6479941606521606,0.6499221548438072,0.7688117584529242,0.6210574389170489,0.6981514540506715,0.7008111206041137,0.6972079430061895
temperature_0.8,13.0,0.458264577239416,0.2411461407426636,0.2150654074951478,0.6382256547609965,0.72649285197258,0.8299271919370392,0.6425758803935762,0.7832023103395622,0.7829406043418885,0.7596614967530165
temperature_0.8,14.0,0.64340239912759,0.3558951965065501,0.3086150490730643,0.6906074285507202,0.7591626048088074,0.903742761173986,0.652999947655033,0.707199763687538,0.8835439122526683,0.7868715961923063
temperature_0.6,1.0,0.5615398862269441,0.2764484202700148,0.2477746944087902,0.6515494369543515,0.70269061762553,0.6968184753428921,0.626785739118284,0.7323500965191037,0.6839599034327822,0.6849785536032655
temperature_0.6,2.0,0.5351177442015022,0.2678335512150263,0.2424259219940704,0.6468127012252808,0.7018387953440348,0.6993939375720347,0.6198407736130934,0.726688249525951,0.6623309052861218,0.6770634664993003
temperature_0.6,3.0,0.5276522741808526,0.268671535740257,0.2449689214689744,0.6454782982667288,0.7180691321690877,0.7009086409462604,0.596180468148232,0.7386667763251121,0.6631082129610709,0.6747160245951689
temperature_0.6,4.0,0.5605811721762322,0.2818200502899394,0.2465898810062457,0.6427962481975555,0.7129880607128143,0.756435866504859,0.642968493273581,0.731266492138609,0.7369969222229565,0.7169169435350013
temperature_0.6,5.0,0.5392829923902837,0.2668638997609326,0.2452372296008563,0.6588436782360076,0.6981702148914337,0.7366382465111921,0.5769889117329423,0.7461532313803796,0.7018470994819428,0.6904068722766142
temperature_0.6,6.0,0.5880875484594955,0.2712801960584762,0.2556238044824568,0.6575935615433587,0.688135008017222,0.6703358271599713,0.6485273684639044,0.7258964021122298,0.6558809692498061,0.675160141746478
temperature_0.6,7.0,0.5543858772883691,0.2682899684734018,0.2377899465179275,0.6389275363513401,0.7154953650065831,0.7182389421567389,0.6114659153551475,0.7447011062444181,0.7144191545203594,0.6972062795691659
temperature_0.6,8.0,0.5644983976353048,0.2803945675082246,0.252651204149413,0.6489795774653337,0.6936052618683248,0.7249314968820512,0.6231314485238495,0.7322160995564766,0.6823539492910495,0.6906582485633568
temperature_0.6,9.0,0.5721807264424426,0.2881654065038831,0.2533144776787857,0.6532511590048671,0.6803280971944332,0.7533289926799044,0.6109572505881532,0.7281143481536452,0.7344912346282004,0.7067229565124759
temperature_0.6,10.0,0.5385384781060849,0.2655694189938608,0.2331707557956517,0.6456097099516127,0.6929436745467009,0.8015865686939551,0.6171902953741354,0.727901051341721,0.7862552192483404,0.7332332836645379
temperature_0.6,12.0,0.6075613313831458,0.294952583551451,0.270584418751935,0.6452965810894966,0.6530198901891708,0.780141089751766,0.5907001498854729,0.6907188125488575,0.7060472359627707,0.6919018220372167
temperature_0.6,13.0,0.4339369742605006,0.2317428490163134,0.2105097216371609,0.62989741563797,0.7201029161612192,0.6963866230118979,0.6358117112101987,0.7475258411304234,0.638292244829547,0.6795041050455167
temperature_0.6,14.0,0.6403033586132177,0.3481561822125813,0.3228602383531961,0.6851389408111572,0.7635330557823181,0.9316363204553536,0.66795274134041,0.7476483114317538,0.9113852962291088,0.8146556673641566
mixed,1.0,0.5766781329049406,0.2780353352774918,0.238750471459423,0.6460146294190333,0.694889103449308,0.7267794699625146,0.6080602759369395,0.7159039631214232,0.7070911681589719,0.6894587192949624
mixed,2.0,0.5595962787143802,0.2723876743937609,0.2344708758463068,0.6410788072480096,0.6775302274359597,0.7619043243278796,0.599559586949978,0.7222822417471146,0.7365373628909653,0.7050708789789845
mixed,3.0,0.5575176321846942,0.2758204897067032,0.2382643316623963,0.6351052701473237,0.7127958257993062,0.7640995929531497,0.5743174199112165,0.722689976566816,0.7550092076960845,0.7040290492818166
mixed,4.0,0.5664731794501916,0.2774001710654127,0.2370280138725586,0.636383330821991,0.7139122009277343,0.7760908696129258,0.6137937572874642,0.696911671665447,0.7624331460977694,0.7123073611659015
mixed,5.0,0.5199854329785566,0.2474746624904662,0.2267115461996276,0.6356583058834075,0.710906732082367,0.7634259252085731,0.5952365570824621,0.7518930033793716,0.7124014757538503,0.7057392403560643
mixed,6.0,0.5741750724337419,0.2807050846048151,0.2415989895069968,0.6508144736289978,0.69342350297504,0.7443870806169003,0.6341744644857004,0.6916755675193937,0.7210046393001893,0.697810437980546
mixed,7.0,0.5709556384709499,0.2770431075828464,0.2360967491199864,0.6294441095420292,0.7150447028023856,0.783535300421126,0.5918282379796498,0.7143869764801407,0.7569487809868939,0.7116748239669526
mixed,8.0,0.5644630028217542,0.2798405805408865,0.2443753459412301,0.6472310544787974,0.6865764230057814,0.6783401285177608,0.6233736139808365,0.7136368316056744,0.6623918000446426,0.6694355935372286
mixed,9.0,0.5894795520702626,0.2943019204640705,0.2521888956346449,0.6536892298609018,0.6903913803398609,0.7843626111465702,0.6064194570613396,0.7072704966681227,0.7690592879992709,0.7167779632188259
mixed,10.0,0.5766296184080665,0.2772628821692918,0.2362491763264735,0.6459578363983719,0.6880315255235743,0.7500347221376485,0.5957289330641875,0.711303513562266,0.7530454090917759,0.7025281444639695
mixed,12.0,0.5306334643830701,0.279052004019949,0.2520082605583091,0.6524206921458244,0.6274528577923775,0.6812279099906704,0.6462558179473945,0.7174997420775031,0.6214798810328982,0.6666158377621165
mixed,13.0,0.4993233766275793,0.2575713999124715,0.2145776591695654,0.6254559655984243,0.6856485505898794,0.7311077514768209,0.5758632061013491,0.7344506380146448,0.7102755587983544,0.6879242885977922
mixed,14.0,0.5533290239172591,0.341747572815534,0.2831286360698125,0.6700392961502075,0.7598817348480225,0.2631589550889451,0.7104187313279452,0.67780518651913,0.1906738832556619,0.4605141890479206
all,1.0,0.5754307949103452,0.2784342671117579,0.250577111416924,0.6520466511066143,0.5124378733910047,0.6996796498775885,0.620635455074422,0.727691992135589,0.6760080128145739,0.6810037774755433
all,2.0,0.5431006848034883,0.2718092143012764,0.2421717224742623,0.6454866800043318,0.5126140488518609,0.7172514825928188,0.6118250964201141,0.727864072134103,0.6933280989332812,0.6875671875200793
all,3.0,0.5241197077407356,0.2676639479722704,0.246029436018418,0.6414421637852986,0.5230748991171519,0.6929120872242883,0.5853899489356508,0.7338042128263353,0.6447229789285138,0.6642073069786971
all,4.0,0.5539935289874548,0.2703124628135088,0.2483992849407209,0.639639464020729,0.5434320598840714,0.7474566228041708,0.63870751427503,0.7322684379433826,0.7193211515532136,0.7094384316439493
all,5.0,0.5347810630000664,0.2681784605461584,0.2426686549812098,0.6565259456634521,0.50944584608078,0.7811551494876214,0.5995294477767098,0.7449030518582049,0.7373881675235825,0.7157439541615297
all,6.0,0.5469291112812857,0.2644679312774886,0.253389278801427,0.6483886241912842,0.4586123145288891,0.6505094164871481,0.6810172719114905,0.7338448989084988,0.641575768962184,0.6767368390673304
all,7.0,0.5346819020051482,0.2625660454893053,0.2457018978390377,0.6376688991274152,0.5323742691959653,0.6739137077304846,0.6276547361628426,0.749532864956169,0.6595918890297495,0.6776732994698115
all,8.0,0.5663991597115893,0.2831501773833735,0.2573713680461946,0.6504411572131558,0.511372928818067,0.6835336259166241,0.6216131356962943,0.7301142333203912,0.6560429998253295,0.6728259986896598
all,9.0,0.5787096283385682,0.2941340196637752,0.2616805015937556,0.6578359613195062,0.5221248017624021,0.7301229209290233,0.6175886022728572,0.7234592239685097,0.6995191123759209,0.6926724648865777
all,10.0,0.5362665410081198,0.2609412802288843,0.2370916382048757,0.6459918662353799,0.5129906722792873,0.6061632519347194,0.6099249838996414,0.7231119356539278,0.6170470858056015,0.6390618143234725
all,12.0,0.564724785333644,0.2843151277014584,0.2664124957630175,0.6485980898141861,0.4830474257469177,0.7607561557019537,0.6607210275761088,0.7170031439754795,0.6852678103353278,0.7059370343972174
all,13.0,0.4442763528372082,0.2354611536702132,0.2055369681821161,0.6412678559621176,0.5241574992736181,0.6652268876820061,0.6482554795139298,0.7177243819177846,0.6430060434731594,0.6685531981467201
all,14.0,0.6192560175054704,0.3253012048192771,0.311816192560175,0.689633846282959,0.5242154002189636,0.91124804038509,0.6544675007541968,0.7895270258774302,0.8844364852512325,0.8099197630669873
conservative,1.0,0.5465017644848341,0.2652255969431315,0.235623956145443,0.6447588086128235,0.6970432107265179,0.6595974590303171,0.6137239808367647,0.7180697714006473,0.631162447100583,0.6556384145920781
conservative,2.0,0.5357875330712961,0.2627965624768168,0.2314741410747166,0.6422778719001346,0.6820540673202938,0.6724916185674921,0.5993089400148011,0.7343520570516839,0.6389079617192084,0.6612651443382964
conservative,3.0,0.5279222430182103,0.2641517857378883,0.2285193230256729,0.6281673351923625,0.705452968676885,0.6438891107045623,0.5748284297579234,0.7225192138326403,0.6330506340748909,0.6435718470925043
conservative,4.0,0.5606044087678084,0.2779828467728243,0.2327514373761901,0.6344308257102966,0.7218697965145111,0.7344459128491381,0.6245674760081544,0.7313321734065192,0.7123635927732066,0.7006772887592546
conservative,5.0,0.4892982631895172,0.232332451844249,0.2101037101062882,0.6360926568508148,0.6984178185462951,0.4880567658954785,0.5769240003713677,0.670069395903355,0.4671855247805387,0.5505589217376851
conservative,6.0,0.5455134968958781,0.2660248864627695,0.2399523596517593,0.6474817130300734,0.65028801229265,0.7018494454668236,0.6253643708955018,0.7231184549426246,0.6838985628767777,0.683557708545432
conservative,7.0,0.51466458277585,0.2407172484796383,0.2222172164693487,0.6324759083134788,0.6957312609468188,0.8092809940409336,0.6216790634346163,0.7426369792230813,0.7609657499566594,0.7336406966638227
conservative,8.0,0.5383233063947369,0.2642077249721861,0.2364059487065501,0.6451215389846028,0.674844046001849,0.6883195868632932,0.6260873864003125,0.7254834048133271,0.6476892306595339,0.6718949021841166
conservative,9.0,0.5554721223744356,0.2759054864884233,0.2436054958644252,0.6490042759105563,0.678354368545115,0.6862689490833157,0.6158736215385542,0.7337823651319396,0.6750404489258629,0.6777413461699181
conservative,10.0,0.5364776518550202,0.2576597924693977,0.2247460625156412,0.6422328595761899,0.6803408905311867,0.7295337370380827,0.5884417529540584,0.7174604654555813,0.6894476781037193,0.6812209083878605
conservative,12.0,0.5088778285680793,0.2583384656890524,0.2300307099497717,0.6484967842698097,0.6204373985528946,0.5156234770049716,0.6791841989087419,0.7665342705928531,0.4922798550607315,0.6134054503918246
conservative,13.0,0.4801497789299248,0.2444769032598892,0.2216181744812949,0.6337700486183167,0.6550914347171783,0.5019113010805953,0.5849359143301397,0.7278773391404738,0.4795185445260805,0.5735607747693223
conservative,14.0,0.6407447973713034,0.356359649122807,0.2617743702081051,0.6600192785263062,0.7630669474601746,0.7375422478592536,0.606832449357404,0.7458783697674037,0.7908481449913349,0.720275302993849
mixed_liberal_75,1.0,0.5795092158846606,0.2805356265031152,0.241726574420368,0.6453345133708074,0.6903999539522024,0.6877173031917838,0.6262261025782953,0.7028238036738673,0.6686130760319207,0.6713450713689667
mixed_liberal_75,2.0,0.5595180010830624,0.271622838291887,0.2330983612317766,0.6432125992245145,0.6876814232932197,0.7365199539499776,0.6139739785740416,0.7151183130505001,0.7109829724455878,0.6941488045050268
mixed_liberal_75,3.0,0.5401727793926882,0.2651683981327264,0.2368327961548287,0.6362668136755626,0.6993261317412058,0.6983858171852254,0.5872426160475421,0.7211256230853318,0.6849012252709499,0.6729138203972623
mixed_liberal_75,4.0,0.5471430725799314,0.2775091884958476,0.2339609480977139,0.6396067291498184,0.7170404314994812,0.6767857026428492,0.6261770822373987,0.7120617809231434,0.6766016680068953,0.6729065584525716
mixed_liberal_75,5.0,0.5421132460456243,0.2548038336551821,0.2148457774022353,0.6268130123615265,0.6848837912082673,0.7723143435167644,0.5807227586214433,0.7325270116454081,0.7502715644676847,0.7089589195628252
mixed_liberal_75,6.0,0.5991853003328719,0.2847118122285174,0.2548096004544936,0.6517192324002584,0.694228986899058,0.6231131821067446,0.6608645443418323,0.6944266659238697,0.5860158852549244,0.6411050694068428
mixed_liberal_75,7.0,0.5501804214314905,0.2653106217790367,0.2198671807130904,0.6322744148118156,0.7077749925000327,0.6395168862822168,0.6138154589193066,0.6977608850732567,0.6282192938645996,0.6448281310348448
mixed_liberal_75,8.0,0.568696991194753,0.2775431079229413,0.2389649140873218,0.6443568524243175,0.6793014277582583,0.6789622904489101,0.6245233047743961,0.696926597238344,0.6631850824457091,0.6658993187268398
mixed_liberal_75,9.0,0.5625129549905993,0.2781818538675089,0.2432233069106077,0.6437090625986457,0.682012633420527,0.6920831170244216,0.620829876923394,0.7070373939672009,0.6774496799722542,0.6743500169718177
mixed_liberal_75,10.0,0.5328666774122195,0.2614848872864028,0.2285960969564083,0.6448604883971037,0.6732875219097844,0.6969099027460375,0.6152647925362063,0.6989778456552501,0.6653116044607912,0.6691160363495713
mixed_liberal_75,12.0,0.5939679949156581,0.2728013687721397,0.2342089182257187,0.6389765590429306,0.6514006778597832,0.4642867856541556,0.6274749005587095,0.7061238798427737,0.4278795356315852,0.556441275421806
mixed_liberal_75,13.0,0.4540082212500309,0.235556710628652,0.2025216421096546,0.6291982630888621,0.7157271504402161,0.5853957070891705,0.6312480901145461,0.6770770044120832,0.6126918451568676,0.6266031616931668
mixed_liberal_75,14.0,0.692817679558011,0.3749999999999999,0.2707182320441988,0.6828138828277588,0.6747205853462219,0.7970083512217481,0.7008612138782042,0.7145983830837686,0.7964484790595479,0.7522291068108172
top_p_0.4,1.0,0.5557841616966553,0.2694985266277854,0.2462487240242128,0.6500677649791424,0.7080165927226727,0.7084969468700802,0.6335728847667371,0.7360987776009996,0.6696052538666196,0.6869434657761091
top_p_0.4,2.0,0.5489996844314969,0.2742710570561855,0.2438115763004577,0.6472463991906908,0.696416007147895,0.7319017313068907,0.6002287516554076,0.734317561038784,0.6920607541497094,0.6896271995376979
top_p_0.4,3.0,0.5034831114940457,0.2565019437837849,0.2395579046805164,0.6359204073746999,0.7305841207504272,0.578138750307878,0.6019901981708592,0.7396608456981603,0.5473494686059664,0.616784815695716
top_p_0.4,4.0,0.5623475194102239,0.2836937765218471,0.2505324581190264,0.6435751348733902,0.7178947120904923,0.6892173264545896,0.6119685949070889,0.729909695151161,0.6586517659165354,0.6724368456073437
top_p_0.4,5.0,0.5560484725084857,0.275123171151138,0.2388096717872713,0.6530911982059479,0.7222905218601227,0.8419217176921503,0.5746641170683794,0.7469473956563579,0.8105645922061427,0.7435244556557576
top_p_0.4,6.0,0.5812525048961635,0.2827865378433191,0.2557344656771846,0.6633374889691671,0.7007514039675394,0.7504247499481363,0.6439022877885275,0.7231920867423156,0.7382033492289373,0.7139306184269791
top_p_0.4,7.0,0.5295337854150551,0.2706468012600983,0.2463812448882242,0.6419178715773991,0.7084249598639352,0.5915869908945982,0.6390446544161048,0.7385478591400043,0.5440491934678003,0.6283071744796269
top_p_0.4,8.0,0.5510073740545848,0.2764304306905762,0.2486414783453469,0.6502162015092545,0.6921536309131677,0.7066710690892583,0.621612818181975,0.7385851200541238,0.657111943474993,0.6809952377000875
top_p_0.4,9.0,0.5456708861429953,0.2726296604129452,0.2460999891063259,0.6546873031184077,0.6858594482764602,0.6666474039092388,0.6243672827846172,0.7216090283034107,0.6274790973295133,0.6600257030816951
top_p_0.4,10.0,0.5439135416751605,0.2679848975136363,0.2412382569848895,0.6399134794871012,0.7003562759470057,0.7746891426210916,0.6011048548528748,0.7358018258740211,0.7322011209488695,0.7109492360742143
top_p_0.4,12.0,0.5350585243539403,0.2594947057329376,0.2467083395559254,0.6457658410072327,0.6649283580482006,0.5730423878669207,0.6523013267347411,0.7130415374293261,0.5646050484970889,0.6257475751320192
top_p_0.4,13.0,0.4772820083840418,0.2433063284264609,0.212511216822317,0.6396526396274567,0.7012791037559509,0.8068628427319635,0.601808178706884,0.7280450108375279,0.7544519839603604,0.7227920040591839
top_p_0.4,14.0,0.6339581036383682,0.3509933774834436,0.3384785005512679,0.6823258996009827,0.7538899779319763,0.9132485607786982,0.6089121905866017,0.7108284501414391,0.8912334044552384,0.7810556514904944
top_p_0.7,1.0,0.5632971084226057,0.2725308689322552,0.2468755351294949,0.6508761332585261,0.7084433922400841,0.7075597443861835,0.6183676457803665,0.734683003037084,0.6770346306380131,0.6844112559604117
top_p_0.7,2.0,0.5451660094553306,0.2734624924134856,0.2460738047274506,0.6479643649525113,0.7040477063920763,0.6984729623000746,0.6106876196103139,0.735932986474417,0.6617247812962543,0.676704587420265
top_p_0.7,3.0,0.5380990097116047,0.2722678007135756,0.2352551717787262,0.6393446703751882,0.7262221972147623,0.7451130676464911,0.5907012071538454,0.7219494444599941,0.7072224428543492,0.69124654052867
top_p_0.7,4.0,0.5364950458608169,0.2694416151710888,0.2538647423974382,0.6382098853588104,0.7238991260528564,0.6247693474766167,0.6232303079079631,0.7307692939615863,0.6069681453186319,0.6464342736661994
top_p_0.7,5.0,0.5481319576657013,0.2687724747248187,0.2454626481347793,0.6563087403774261,0.697586464881897,0.7926085021422369,0.5867780195211025,0.7521893579163956,0.7130444141387529,0.7111550734296219
top_p_0.7,6.0,0.5693373618289477,0.2749496804271267,0.2504302814077694,0.6550092763370938,0.6696770191192627,0.5587737237281002,0.6265373434815944,0.7217886417439806,0.5669813758812268,0.6185202712087254
top_p_0.7,7.0,0.5244508621291529,0.2664789746501715,0.2441559725220369,0.6316928820950645,0.7202709146908352,0.7188236142441864,0.6044296444509017,0.7284070014236254,0.6725185750001136,0.6810447087797068
top_p_0.7,8.0,0.5706889651393955,0.2872111838838612,0.254912207238363,0.6513363161812658,0.6941246364427649,0.7156528414679894,0.6210991865862097,0.739226902793698,0.6886629042535856,0.6911604587753707
top_p_0.7,9.0,0.5814000427710224,0.2903349230325729,0.2611839467355572,0.6580911437049508,0.6931564789265394,0.6771155685135225,0.6169160471539522,0.7310556298140873,0.6553638617320388,0.6701127768034002
top_p_0.7,10.0,0.5582061187388606,0.2733062103638865,0.2416273665240693,0.6485180921024747,0.6878570296146251,0.6850991058655101,0.5990577027058039,0.7251754725884537,0.674051164725808,0.6708458614713939
top_p_0.7,12.0,0.5705346609524374,0.2903878469424544,0.2657953931549986,0.6568509787321091,0.6508695930242538,0.5968694430123882,0.655602458788547,0.7318971824470457,0.5758861707231088,0.6400638137427724
top_p_0.7,13.0,0.4986348548901588,0.2518451999383366,0.2236525113194099,0.6409016450246176,0.7169756491978964,0.6764586763954137,0.5825198832437545,0.7504847984593283,0.6561977773976125,0.6664152838740272
top_p_0.7,14.0,0.6337177375068643,0.3562396921385376,0.3404722679846238,0.694739580154419,0.8116838335990906,0.8947484399744438,0.6399760598170005,0.7173289152436817,0.8702625782396268,0.7805789983186882
top_p_0.6,1.0,0.5751623461843881,0.2819531571359946,0.2494424764568314,0.6516787295158093,0.7078920621138353,0.678103001723344,0.6167296012139794,0.7338453824726013,0.6661650455206017,0.6737107577326317
top_p_0.6,2.0,0.5486465500215392,0.2723772609506303,0.2389715351518548,0.6452062851852841,0.6998207277721828,0.7030818920050224,0.6040488839484607,0.7387409435915265,0.6675546926294801,0.6783566030436224
top_p_0.6,3.0,0.5283792523243532,0.2667675606736892,0.2403049717882152,0.6416475812594096,0.7161831041177114,0.6837563291424988,0.5848836241359278,0.7330416261163487,0.6486517423703018,0.6625833304412693
top_p_0.6,4.0,0.5360321377988144,0.2722348943890137,0.2430360790985688,0.6400788575410843,0.7232392013072968,0.7789529025509042,0.6396567394266863,0.740397345034016,0.7307913850349201,0.7224495930116317
top_p_0.6,5.0,0.5469221294062651,0.2592383524751612,0.2339368055339015,0.6529135704040527,0.700536435842514,0.6816488751541595,0.5827677631325705,0.7625706237100378,0.6905574428732727,0.6793861762175102
top_p_0.6,6.0,0.5860543513205121,0.2820560819036231,0.2632098188404736,0.6567029356956482,0.7189711994594998,0.610445018836427,0.647765407450252,0.7260070838226074,0.5415139959806549,0.6314328765224854
top_p_0.6,7.0,0.5357962752623293,0.2688762831907836,0.2437756393805552,0.6355711136545453,0.7269415259361267,0.6920792657146839,0.6357742546156999,0.74511198789396,0.6453968058321611,0.6795905785141263
top_p_0.6,8.0,0.563860224574396,0.2812678128958867,0.2549547828601713,0.650072534447131,0.6925731668437737,0.6890312753316276,0.6179473290987855,0.740815910186285,0.6644509237870896,0.6780613596009468
top_p_0.6,9.0,0.5568359713021057,0.2819207636944014,0.2531277833255718,0.6569711957126856,0.694570304825902,0.6986980797038175,0.6230134498725711,0.7447717338657186,0.6657147356777098,0.6830494997799542
top_p_0.6,10.0,0.5354063978234617,0.266625025700776,0.2410463221903917,0.6479489229343556,0.6814520988199446,0.7618106879608614,0.6078575467511927,0.7515448352880667,0.73857436786811,0.7149468594670578
top_p_0.6,12.0,0.5579554079008058,0.288427415311496,0.2625652710584607,0.6482465118169785,0.6776021048426628,0.6307093004629135,0.6219088714331993,0.7211608019738998,0.567617616025145,0.6353491474737893
top_p_0.6,13.0,0.4788503411262974,0.2538490061703852,0.2268589253526082,0.6414514680703481,0.7310705184936523,0.4871304246977025,0.6366075400007517,0.723094681552598,0.4911971151316438,0.584507440345674
top_p_0.6,14.0,0.5661080074487895,0.3480422622747048,0.3500931098696461,0.6986334919929504,0.751422107219696,0.3542691307193851,0.6863558178650082,0.7704748152582301,0.1915892125193227,0.5006722440904865
top_p_0.1,1.0,0.5641266371834559,0.2762763215480161,0.2497154201861499,0.6512323920543377,0.7086836535197037,0.6772937107188283,0.6191626535108621,0.7310953332701532,0.6491903614010267,0.6691855147252176
top_p_0.1,2.0,0.548284996972111,0.2720313634771009,0.2403049225448567,0.644549184375339,0.6970100469059415,0.7050867488967946,0.6034021916155973,0.7335484746205504,0.6790687551380471,0.6802765425677474
top_p_0.1,3.0,0.5277986570106409,0.2659366608635329,0.2435632437854291,0.6406964520613353,0.7263130525747935,0.7237388911716135,0.5848671087035436,0.7243735348127167,0.6872864819118426,0.6800665041499291
top_p_0.1,4.0,0.5699477887755477,0.2938625368258971,0.2565401393860437,0.63863545358181,0.7245054364204406,0.6930004939372559,0.6116244155438629,0.7264473393228562,0.6687153755362445,0.6749469060850549
top_p_0.1,5.0,0.5395816098979183,0.2677905316592112,0.2372964728799477,0.656304931640625,0.7088082313537598,0.7778103798433753,0.56750128767541,0.7460825678562409,0.7230092146539024,0.7036008625072322
top_p_0.1,6.0,0.5943929092772691,0.2853606801367865,0.2606835679781346,0.663706362247467,0.7289485997623868,0.6058300460689559,0.6494508981181019,0.7410268807395487,0.5899631696016971,0.646567748632076
top_p_0.1,7.0,0.5013359148024535,0.2501016935778463,0.2354900757649985,0.638337356703622,0.7217385939189366,0.5957111464090327,0.635518322296363,0.7526768207472498,0.5524390334632379,0.6340863307289707
top_p_0.1,8.0,0.5538746566394901,0.2746454884753112,0.2510913186893294,0.6500832887663357,0.6949997639310532,0.6733328005443167,0.6266478000484268,0.733864787133846,0.634255969724617,0.6670253393628016
top_p_0.1,9.0,0.5596191456107223,0.2786244421378766,0.2509396754777557,0.6525186933577061,0.675804843660444,0.7003617347159741,0.616932947294474,0.73528433854511,0.6647660908961318,0.6793362778629225
top_p_0.1,10.0,0.5284545282460843,0.2601911536190792,0.2348999957118377,0.6432242327266269,0.6960898284558896,0.737004026331972,0.6038410055476738,0.72735069952069,0.7053655321781361,0.693390315894618
top_p_0.1,12.0,0.5997403222577846,0.2827576661331721,0.252584717304903,0.6392289996147156,0.6479594856500626,0.8179590743317215,0.6217424494902966,0.7280290325963279,0.7581924109787006,0.7314807418492616
top_p_0.1,13.0,0.4524779653752752,0.2421766086929468,0.2139699533871207,0.6377081871032715,0.7162483831246694,0.6738735809306271,0.6563191192959335,0.7302416427588695,0.6368083418685265,0.6743106712134891
top_p_0.1,14.0,0.6445040214477212,0.3531937734836285,0.3367292225201072,0.6823258996009827,0.7722664475440979,0.924928754766468,0.6474075224008022,0.8055667194600039,0.8983566197980966,0.8190649041063426
top_p_0.3,1.0,0.5610621734871981,0.2766371055857863,0.252182896456275,0.6523880078242376,0.7122559822522677,0.7019636239782893,0.6225394707688282,0.7292007722374534,0.6750852612457139,0.6821972820575711
top_p_0.3,2.0,0.552041230277615,0.2738886916000657,0.2408862296914468,0.6440425051583184,0.6953805923461914,0.7446449983104699,0.6031705873012612,0.7368551879721841,0.7247229420211417,0.7023484289012643
top_p_0.3,3.0,0.5337142012947031,0.2691782013930754,0.2415976624593057,0.6409046153227488,0.7274282614390055,0.7425120771928299,0.5743966766142871,0.7265323494070108,0.7256105582907739,0.6922629153762254
top_p_0.3,4.0,0.555790221552513,0.2856159472106147,0.2556660098719455,0.641258105635643,0.7238782793283463,0.6934270376732102,0.6325336847168108,0.7255594903472572,0.6645629711046038,0.6790207959604705
top_p_0.3,5.0,0.5360134415088046,0.2623621072855103,0.2326157277274465,0.6551120102405548,0.7132765710353851,0.7223307793860582,0.5896371633481688,0.7450652877699945,0.663776595675927,0.6802024565450371
top_p_0.3,6.0,0.5608304045958465,0.2787954222531723,0.2534448669678512,0.6585042277971903,0.7058078447977701,0.6508813064131439,0.6711855615586653,0.7443360185511249,0.6080341014698789,0.6686092469982032
top_p_0.3,7.0,0.5241035527619089,0.2625940908585252,0.2418835108848584,0.6399353529725756,0.7187047856194633,0.6458787556712552,0.6305758828387685,0.747121131376319,0.6227004714557107,0.6615690603355134
top_p_0.3,8.0,0.5558353448944082,0.2768082087528144,0.25204374415338,0.6493622721105382,0.6882146739441416,0.6725584940556698,0.6234744029660758,0.7334766756776496,0.6275898647153513,0.6642748593536867
top_p_0.3,9.0,0.5655604948466106,0.2826682752365533,0.2522738368010039,0.6520498264580965,0.676851961761713,0.6795804617094809,0.6170062999069983,0.7352787923742099,0.6523281953003147,0.671048437322751
top_p_0.3,10.0,0.5320674880641707,0.2588319981808569,0.236014124792796,0.6411843454396283,0.6982231316743074,0.7063472679835117,0.593847383603969,0.7141208869182321,0.6843642673017568,0.6746699514518674
top_p_0.3,12.0,0.5959988036097204,0.2867643215539838,0.2536576365587772,0.6376504153013229,0.6613798141479492,0.686348979807024,0.606931892893937,0.6898801077254324,0.6677089372777265,0.66271747942603
top_p_0.3,13.0,0.4939134917756345,0.2512395659625193,0.2107448027720112,0.6391379038492838,0.716415286064148,0.7261377038409399,0.5943334674455079,0.7060950335938704,0.7158885674458696,0.685613693081547
top_p_0.3,14.0,0.6445040214477212,0.3531937734836285,0.3367292225201072,0.6823258996009827,0.7722664475440979,0.924928754766468,0.6474075224008022,0.8055667194600039,0.8983566197980966,0.8190649041063426
top_p_0.5,1.0,0.557649104091194,0.2685119862979725,0.2428721396026928,0.6514550447463989,0.704157608288985,0.7085377206443653,0.6251182571719898,0.7305244501483662,0.6778998120339461,0.6855200599996668
top_p_0.5,2.0,0.5409896322305539,0.274093881320987,0.2438662983550112,0.6475548419687484,0.6937440978156195,0.7140025243134409,0.6179588939899966,0.7438964979185044,0.691292689336673,0.6917876513896537
top_p_0.5,3.0,0.5447837691851893,0.2709982116840969,0.2422963454323271,0.6439743260542552,0.7190460979938507,0.7404747586935744,0.578312717726694,0.7299249058453996,0.7030785478454242,0.6879477325277731
top_p_0.5,4.0,0.5456661060732665,0.2767577567324389,0.2552577489067933,0.6398618906736374,0.7289932459592819,0.7488980264634562,0.621598677844027,0.706563591229594,0.7422906533059702,0.7048377372107619
top_p_0.5,5.0,0.5403450232508692,0.2563989309307475,0.2367687773504728,0.6537006080150605,0.6991640508174897,0.7434222842590653,0.5696208975691096,0.7379534655686179,0.7453007859933604,0.6990743583475383
top_p_0.5,6.0,0.560708237901217,0.2714859965159931,0.2448361803157692,0.6623560521337721,0.6989981267187331,0.7941502884689102,0.6389451189440566,0.6757031481605199,0.7194490936612988,0.7070619123086964
top_p_0.5,7.0,0.5065826967028743,0.251672070774376,0.2344994483026673,0.6390559034688132,0.7221980690956116,0.5463578754697967,0.6389039615428452,0.7468193760369244,0.5242369914415335,0.614079551122775
top_p_0.5,8.0,0.5577698693089674,0.276995974359296,0.2495964255978896,0.6483986433865367,0.6978518263153408,0.6875356222120221,0.6235743022332213,0.7367188037165829,0.6422619283762802,0.6725226641345265
top_p_0.5,9.0,0.5685120268812476,0.282898809198619,0.253025690816497,0.6534200645983219,0.6833040425553918,0.6673541173600517,0.6169222581767774,0.7286855500131654,0.6531176309864513,0.6665198891341114
top_p_0.5,10.0,0.5407953592972605,0.2704440452045364,0.241878432358586,0.6439585553275214,0.6887933667059298,0.6928657630381416,0.6099746328306452,0.7292538822074586,0.7139491367996015,0.6865108537189618
top_p_0.5,12.0,0.5396141428800509,0.2735664905143298,0.252383635083701,0.6435319259762764,0.6982311680912971,0.4270584679400783,0.649319862852074,0.7515256217809567,0.4066826288786507,0.55864664536294
top_p_0.5,13.0,0.4698837094291426,0.2414019073584738,0.2192406084261528,0.6354115605354309,0.701970785856247,0.5300480100952737,0.6207217254021734,0.724077533702376,0.4711368681453203,0.5864960343362858
top_p_0.5,14.0,0.5496774193548387,0.342377260981912,0.3664516129032258,0.683591365814209,0.8040812611579895,0.5350518306251412,0.7473898392565979,0.7256907312121345,0.4342872085204486,0.6106049024035806
top_p_0.9,1.0,0.5658616585680463,0.2769771569822659,0.2497089109915257,0.6523158761171194,0.7049042293658623,0.6888492950404225,0.6230241866153424,0.7246158903435308,0.6766892149179312,0.6782946467293067
top_p_0.9,2.0,0.5348827477250806,0.2659791426966738,0.2390466538595088,0.6473096569379171,0.7059889011912875,0.696918922705391,0.6074935783702128,0.7351719248290445,0.6735134971033654,0.6782744807520034
top_p_0.9,3.0,0.5412689477435718,0.2752150574547093,0.2476129885286976,0.6376975437005361,0.7210962216059367,0.7053378635085507,0.581614938729813,0.7323228815247681,0.6777118625504363,0.6742468865783919
top_p_0.9,4.0,0.5402690265360508,0.2639660312736048,0.2450158942533948,0.6354895234107971,0.7226801037788391,0.7125913161297828,0.6383958852173526,0.7276697321358249,0.6983503936510622,0.6942518317835056
top_p_0.9,5.0,0.5287139892019208,0.2555034032371225,0.2369046925016617,0.6464811325073242,0.6920708298683167,0.8032246670335429,0.5967562642781282,0.7484648584360241,0.7906296802962194,0.7347688675109787
top_p_0.9,6.0,0.5852005911689102,0.2850173312740401,0.2586905033667719,0.6567458642853631,0.7025045884980096,0.7283047018179658,0.654321694030352,0.7250043464300819,0.6971348262767435,0.7011913921387858
top_p_0.9,7.0,0.5262750366653287,0.2627378396331,0.237412059732544,0.6360421691622052,0.7214843843664441,0.6424899828491519,0.6274115064351717,0.7527279969436877,0.6495759407093801,0.6680513567343479
top_p_0.9,8.0,0.5565417554779963,0.2743154729154682,0.2488972906897243,0.6507478693257207,0.6926147635432257,0.7353696706222204,0.6243007363175029,0.7356809396640126,0.6920657049229436,0.69685426288167
top_p_0.9,9.0,0.5708779349579648,0.2864013288313985,0.2560680496009047,0.6566526191309094,0.6933538615703583,0.712734121764245,0.6151134263482337,0.7210328828836372,0.6861192867886514,0.6837499294461918
top_p_0.9,10.0,0.5596965317770277,0.2726653575783089,0.2462530308455965,0.6507880753941007,0.6909462765411094,0.7618394045834556,0.605840324431271,0.7255956653792844,0.709253825636155,0.7006323050075415
top_p_0.9,12.0,0.5921126221973498,0.3043726507986103,0.2738473164494794,0.6533045098185539,0.6840116158127785,0.7093491020088568,0.6621229363555436,0.6990634820603838,0.6522977683643931,0.6807083221972943
top_p_0.9,13.0,0.4991150354360983,0.2571754895365809,0.2187435054253188,0.6334605813026428,0.7318479617436727,0.6776996955670477,0.6091375113116015,0.7268757339931918,0.6309597442343781,0.6611681712765548
top_p_0.9,14.0,0.6491416309012876,0.3469387755102041,0.3304721030042918,0.6861875057220459,0.7118011116981506,0.9225770118556164,0.6346711076382605,0.7826274533291785,0.8955027375414945,0.8088445775911375
top_p_0.8,1.0,0.5730194118576399,0.2805044024015415,0.2507331596474941,0.6517238332675054,0.7055966299313765,0.6815694163758247,0.619249755503704,0.7319326998899424,0.6694990783643728,0.675562737533461
top_p_0.8,2.0,0.5421406628690815,0.2735366179110995,0.2450896272699058,0.6462546785672506,0.7045259806844923,0.6935282133986611,0.6092059439370666,0.7277305540162564,0.6503756805411958,0.670210097973295
top_p_0.8,3.0,0.5094600906045007,0.2574991678558733,0.2366579540169066,0.6355899035930633,0.7331231455008189,0.6923993204593628,0.6008439519087905,0.7182167924180142,0.6655231033479352,0.6692457920335256
top_p_0.8,4.0,0.546338288533048,0.2717999010819193,0.2451920463619006,0.644657826423645,0.7342258423566819,0.704323309756434,0.6252337427722977,0.7556354511825477,0.6747137185183757,0.6899765555574138
top_p_0.8,5.0,0.5502416932040523,0.2650785059868149,0.2355919924822473,0.6534562468528747,0.7049124658107757,0.8022113999340853,0.57498395391158,0.7241141283462795,0.7799433819704499,0.7203132160405986
top_p_0.8,6.0,0.5797122186880692,0.2768349263095569,0.2640217858024618,0.6601816945605807,0.7114587624867758,0.7361342345478913,0.6589429626841145,0.7233508434894408,0.6981204816094198,0.7041371305827165
top_p_0.8,7.0,0.5480233605377839,0.2721350362654013,0.2492770179273685,0.6332074957234519,0.7043691490377698,0.7100787227778558,0.6155943750693977,0.7373281990630604,0.7145166211734049,0.6943794795209296
top_p_0.8,8.0,0.5530728812435352,0.27264319348453,0.2478494944944684,0.6484919078108193,0.6884923512520997,0.6735160616894837,0.6128973131457868,0.7325043259401223,0.6435194287213635,0.665609282374189
top_p_0.8,9.0,0.5694343947932452,0.2808374806522738,0.2569899711191966,0.6542275436222553,0.6866253027692437,0.6786690154836351,0.6145762060831911,0.7328189115128269,0.6546241497364664,0.6701720707040298
top_p_0.8,10.0,0.5810941302100955,0.2802251197744402,0.2458970965653939,0.6460351524529634,0.6917936956440961,0.7654888421239671,0.590883183801134,0.7151818583104449,0.7557130956891953,0.7068167449811853
top_p_0.8,12.0,0.5835921112997524,0.2985299453272593,0.2633212815306446,0.6496231630444527,0.6772893145680428,0.6583415975682473,0.6443086246111923,0.7177113683691817,0.6103358753477014,0.6576743664740807
top_p_0.8,13.0,0.489739657507247,0.2551057386067087,0.223746352276185,0.6359722912311554,0.7103290061155955,0.5858703915626201,0.610202170586689,0.7043570897548935,0.5121750424351613,0.603151173584841
top_p_0.8,14.0,0.6341463414634146,0.3494302767227347,0.3436314363143631,0.6845909953117371,0.7546198964118958,0.9128792416610336,0.6410049106596909,0.7315608512548737,0.8909016852523661,0.794086672206991
top_p_0.2,1.0,0.5637974702539474,0.275592426266795,0.2502613538817306,0.6512651379291828,0.7095155637997848,0.6899345487744069,0.6203154651718487,0.7325857112537217,0.660001028619088,0.6757091884547662
top_p_0.2,2.0,0.5520283640076636,0.2728826734384036,0.2405901170205351,0.6443910539150238,0.6983068446318309,0.7381609982701212,0.6029531737875121,0.7332847244803774,0.7077441944849003,0.6955357727557278
top_p_0.2,3.0,0.5287072748490816,0.2679271114517991,0.2442214121122541,0.6409926116466522,0.7261659661928813,0.7285058369683194,0.5876304732509661,0.7192785452352057,0.7033902108892377,0.6847012665859322
top_p_0.2,4.0,0.5718871037438312,0.2897420416679713,0.2545607876586716,0.6388018816709519,0.7193657487630845,0.7409794241429885,0.598780717717242,0.7239945607611431,0.7200295944739187,0.695946074273823
top_p_0.2,5.0,0.5281101708191274,0.2599668848932177,0.233737692755602,0.6562732517719269,0.7127025246620178,0.7776322097940819,0.5871220680823196,0.7557833304923273,0.7004445982617428,0.7052455516576178
top_p_0.2,6.0,0.5869269509131304,0.2850322627251866,0.2643758144287956,0.6634548372692533,0.7197414371702406,0.6097365968859844,0.6527267971835687,0.7365691858922457,0.5969717740461479,0.6490010885019868
top_p_0.2,7.0,0.5192988399051259,0.2562857560371842,0.2411176485741989,0.6397836123194013,0.7219372817448207,0.5763441526814107,0.6337467219900149,0.756317368252793,0.5527281635327939,0.6297841016142531
top_p_0.2,8.0,0.5560832312372028,0.274604847116547,0.2515158390541366,0.6501129019087639,0.693158317303312,0.667308308942608,0.6253337782738153,0.7338297451240955,0.6253179801432939,0.6629474531209532
top_p_0.2,9.0,0.5630526909971734,0.2795724637437207,0.2500949157462674,0.6525038108229637,0.6718475702218711,0.7048182404570275,0.6107769009153509,0.73565891886912,0.6709251557348772,0.6805448039940939
top_p_0.2,10.0,0.5281862139689449,0.2618060004002694,0.2354399540809721,0.6436095502641466,0.69934332591516,0.7205587767571188,0.6069335425734339,0.7309904395142327,0.692378576945898,0.6877153339476708
top_p_0.2,12.0,0.5979800491828162,0.2826571176433428,0.254725930975621,0.6381604671478271,0.6508055478334427,0.7374176245755975,0.6265671005518105,0.735221294849831,0.7001132835751431,0.6998298258880955
top_p_0.2,13.0,0.4788831102447197,0.2499393694529849,0.2183265557357005,0.6392822265625,0.7035029232501984,0.7548467764962622,0.6353259277192876,0.7155686239915457,0.680844047182951,0.6966463438475117
top_p_0.2,14.0,0.6445040214477212,0.3531937734836285,0.3367292225201072,0.6823258996009827,0.7722664475440979,0.924928754766468,0.6474075224008022,0.8055667194600039,0.8983566197980966,0.8190649041063426
LongT5_BASE,1.0,0.5019003808698291,0.2113644534346518,0.1947863622588092,0.6055166751146317,0.650456789135933,0.2346493894412919,0.5560998860428334,0.7048413378650373,0.2461874321440249,0.4354445113732968
LongT5_BASE,2.0,0.493732318221485,0.2116733838784923,0.1911124623568643,0.6036611537138621,0.6424860931105084,0.3087628239376286,0.5734732218851094,0.7259082515566091,0.3371694176757532,0.4863284287637751
LongT5_BASE,3.0,0.4788176074156348,0.2065272661860376,0.187833993064512,0.5867225468158722,0.6766059190034867,0.2020712558504532,0.525693556101952,0.7143418334959365,0.2270933510359198,0.4172999991210654
LongT5_BASE,4.0,0.4862585667697997,0.2061605130914806,0.1936954017784374,0.5923636347055435,0.6567103907465934,0.1631166789980237,0.5114508169499475,0.6533204993180868,0.1713906307383182,0.374819656501094
LongT5_BASE,5.0,0.4824139909930932,0.2033490891796047,0.1858735385310468,0.5915693998336792,0.6505045413970947,0.2151060443072196,0.4803515996068102,0.6381533197525153,0.2151218000384046,0.3871831909262375
LongT5_BASE,6.0,0.5119240051856875,0.2097646383061636,0.1923470671505002,0.6239016056060791,0.6240403585963779,0.0623147158360927,0.5222671003277707,0.6008653487326783,0.0639621906507462,0.3123523388868219
LongT5_BASE,7.0,0.5034784237363522,0.2190271721955514,0.1918296581738196,0.5961956466947284,0.6798646364893232,0.2096216697784473,0.5431927776567483,0.7209755994111104,0.2115013408553318,0.4213228469254095
LongT5_BASE,8.0,0.5006723638878815,0.2122400906003191,0.1964094913692549,0.608409451401752,0.6543581312981205,0.2367729437980829,0.5687744967835702,0.709653065096484,0.2622449491964012,0.4443613637186346
LongT5_BASE,9.0,0.5110423371498263,0.2219107205943519,0.2028894636799253,0.6056572627276182,0.6516180774196982,0.2235707606533128,0.5519899576252416,0.6714920430022132,0.2194405494173426,0.4166233276745276
LongT5_BASE,10.0,0.5012424384523918,0.221212732564663,0.1941329873387802,0.6107241445117526,0.6105818903004682,0.1881044201997335,0.5609251401461665,0.677403998710065,0.1938992041938165,0.4050831908124454
LongT5_BASE,12.0,0.5335990933656602,0.224324841282739,0.1926115087536562,0.5835530161857605,0.6112058572471142,0.2342016720483284,0.5131781893257115,0.5755986533726929,0.2213046498184423,0.3860707911412938
LongT5_BASE,13.0,0.4703734254194981,0.2106782517671532,0.1957560909000372,0.5918585161368052,0.5448255091905594,0.2996313941633707,0.545949274749917,0.7274782066398772,0.3158785838437858,0.4722343648492377
LongT5_BASE,14.0,0.5725853094274147,0.3312101910828025,0.26951995373048,0.6219540238380432,0.7581685185432434,0.3395162397108066,0.6375315477480714,0.62801161802841,0.3270848703428333,0.4830360689575303
