Model Name,partyWinning,rouge1,rouge2,rougeL,bert_f1,align_score,unieval_coherence,unieval_consistency,unieval_fluency,unieval_relevance,unieval_overall
SLED,0.0,0.2866607293996493,0.1297552004003478,0.1493017338321643,0.6149074221029878,0.608263505777965,0.3240029560840095,0.5852078320305262,0.5967279729623604,0.3527972511794959,0.4646840030640979
SLED,1.0,0.2824670807599216,0.1298798565014824,0.1455704839964594,0.612009875539323,0.5940822312529658,0.2998566760773477,0.5727124098442185,0.5928039964857167,0.3356975795516876,0.4502676654897427
top_k_500,0.0,0.5620777308803203,0.2737978360519964,0.2469300536218558,0.6512764245271683,0.6993611243863901,0.6896929445057235,0.6111869279807103,0.7350611204578913,0.6734439523746859,0.6773462363297528
top_k_500,1.0,0.563367269712898,0.2782869880943011,0.247768350887379,0.6465546644909281,0.6943803703281242,0.7279226482747932,0.6116982113689821,0.7290964800929575,0.7015714984133027,0.6925722095375089
top_k_100,0.0,0.5618094703181914,0.2749686335379972,0.2491557623436685,0.6521407651404539,0.7006072957689563,0.7164068070662263,0.6136302823244206,0.7293789069793921,0.6988289311592587,0.6895612318823244
top_k_100,1.0,0.5608994952776898,0.2804540235262969,0.2498083114225729,0.648402295985692,0.69785890730334,0.6910548146388236,0.6093065476241027,0.7275926644817668,0.6677008807676168,0.6739137268780775
top_k_1000,0.0,0.5563470561044656,0.2712100626224562,0.2468546966180761,0.6521591814234853,0.693879859832426,0.7190661234845113,0.6144992109136113,0.7297490254155136,0.6872687602298709,0.6876457800108767
top_k_1000,1.0,0.5612654694042977,0.2771731853179923,0.2466366948935964,0.647877608554464,0.6975788552156637,0.7070093400447421,0.606996328340441,0.7293055254879197,0.6847896229837794,0.6820252042142206
top_k_25,0.0,0.5580204574689228,0.2708574685564469,0.2479269556650201,0.6511735087260604,0.6949226080129544,0.740549333693561,0.6178523628784452,0.731295052384065,0.7163258525311259,0.7015056503717992
top_k_25,1.0,0.5600322756145905,0.2793769580606318,0.2481906037377994,0.6476039622870969,0.6992150132085236,0.7252015368912162,0.6140050955291994,0.725492047909393,0.6832348996996866,0.6869833950073738
top_k_10,0.0,0.5607106500696154,0.2742598134973971,0.2509461502929208,0.6539791822433472,0.7038649472718438,0.7364737193837824,0.6236421467931582,0.7390603196366756,0.7148577521815902,0.7035084844988017
top_k_10,1.0,0.5667718219945319,0.2822055812223002,0.2494935342973574,0.6474341484862314,0.7005696726516939,0.7321130798371943,0.611141391659439,0.7281966215020973,0.7113539786202151,0.6957012679047364
top_k_75,0.0,0.5704074686421822,0.2809582202824612,0.2515256772346803,0.6531116080780824,0.698872840963304,0.7582617004774305,0.6067288550943096,0.7254172526144936,0.7354198355799446,0.7064569109415446
top_k_75,1.0,0.5574169933127223,0.276140321013974,0.2470505296140988,0.6455967036771103,0.6960647574612792,0.7030254890202666,0.6148784941993647,0.7294837559189024,0.6761082208962428,0.6808739900086941
top_k_250,0.0,0.5610916822053565,0.2732874805222666,0.2470902054890947,0.6502736347417036,0.6992473937571049,0.7293684565801638,0.6128073000142015,0.7278078188446453,0.7044656269310187,0.6936123005925073
top_k_250,1.0,0.5596588288238864,0.2780101594627103,0.2464641477677618,0.6479555329806368,0.6966251075267792,0.7341159005656691,0.6131086684864214,0.7232534172341856,0.707459880882878,0.6944844667922886
top_k_50,0.0,0.5665902935084377,0.2736312583827668,0.2480615070719564,0.6522713787853718,0.700106192069749,0.750448477443803,0.6138024019269742,0.73594226153596,0.7259715060169752,0.7065411617309282
top_k_50,1.0,0.5591083490128053,0.2782663655268286,0.2463070070288476,0.6467497509969792,0.6986243372232142,0.7281510912950122,0.6130638343350243,0.7310974441241719,0.6998015574299975,0.6930284817960515
top_k_1500,0.0,0.5540206031678276,0.2705581039560703,0.2480618521704432,0.6509374945114056,0.6985567067749798,0.7081228460431338,0.619227912865335,0.7397460361102669,0.6881928840576745,0.6888224197691025
top_k_1500,1.0,0.5533022566819117,0.2754373998229179,0.2457638099268636,0.6472889453592435,0.692537872220429,0.7135445884172241,0.6098943258695642,0.7276433446035103,0.6913579094720191,0.6856100420905794
top_k_2000,0.0,0.5538308138795066,0.2706630984831315,0.2485500748926823,0.652285523712635,0.6993950887893637,0.7209116500789436,0.620157257683388,0.7278188618054928,0.6986120223349626,0.6918749479756968
top_k_2000,1.0,0.559181333829117,0.2765765665862688,0.247193832261108,0.6482037576151566,0.6971124621344285,0.6987320928895924,0.6112527996309479,0.7320367443853147,0.678089559181922,0.6800277990219442
liberal,0.0,0.567113925307096,0.2727014377403381,0.2381676007721544,0.6468728138133883,0.6784774288535118,0.6942650639211735,0.5948147040980433,0.703881821058331,0.6744635443477437,0.666856283356323
liberal,1.0,0.566158824762765,0.2780850934129765,0.2373910392846726,0.6398711897957493,0.67921668324672,0.678467225261629,0.5955449221504762,0.7073494251931486,0.6676783223914349,0.6622599737491721
mixed_conservative_75,0.0,0.5628743520129383,0.2707755640179918,0.2383234474027039,0.6455713889251152,0.690459429907302,0.737628049604203,0.6108961199690679,0.7111077772002217,0.7273185215818126,0.6967376170888263
mixed_conservative_75,1.0,0.5686703439089797,0.2786638586874936,0.2394618606301265,0.6428152673681017,0.684860944412124,0.7349617559908369,0.6075041206977683,0.7175776879225944,0.7179851027089388,0.6945071668300347
temperature_0.7,0.0,0.5618252414904734,0.2747311665440701,0.2503068236016456,0.651290953780214,0.7033837061996261,0.7141235218953281,0.618924557065586,0.739747751140464,0.6848011761630146,0.6893992515660982
temperature_0.7,1.0,0.563879570762188,0.2803034766778227,0.2504147103155525,0.6467002660455838,0.7007154422746578,0.737001900008764,0.6158530467795496,0.7351755459518755,0.7091353086486342,0.6992914503472057
temperature_0.5,0.0,0.5558447556572365,0.272541369269337,0.2489144778607162,0.65096206497401,0.705969039661189,0.7144844671878151,0.6180944964874765,0.7304241294247239,0.6962647198244801,0.6898169532311239
temperature_0.5,1.0,0.5582022541074306,0.2786465487500573,0.2494465563715957,0.6470207697908643,0.70232274481948,0.7001557293302599,0.6169241349057938,0.7325581549246952,0.6626024883383799,0.6780601268747822
temperature_0.9,0.0,0.5641996885098759,0.275083301948421,0.2488815574338847,0.6533085945993662,0.6996978626896938,0.7315834752164846,0.6133718716136117,0.7318475847882993,0.7065068851594943,0.6958274541944726
temperature_0.9,1.0,0.5520168307703677,0.2750993601422521,0.245705718095437,0.6468282699584961,0.7006259342314491,0.7125126889939591,0.6224062004827023,0.7311829656316149,0.6807579380356242,0.6867149482859751
temperature_0.4,0.0,0.5561826667060431,0.272672988845747,0.2497389112688553,0.6513210376724601,0.7003282575557629,0.7009555347757676,0.6227177667511739,0.7273423020573885,0.6733444044082355,0.6810900019981413
temperature_0.4,1.0,0.5621213884149732,0.2814158276470795,0.2517329594919184,0.647769067656826,0.7006678692052062,0.700407237681729,0.6149379635661901,0.7295158783456303,0.6699923550223091,0.6787133586539646
temperature_0.8,0.0,0.5545468454282122,0.2719082387459502,0.2497945536471722,0.6512522166594863,0.7047186049943169,0.6972618377537283,0.6178608206135711,0.7349528007409392,0.6824526433407018,0.6831320256122351
temperature_0.8,1.0,0.5594413922850959,0.2787963005809042,0.2483484895634376,0.6473591498925653,0.6977279644616893,0.7027344508469837,0.6112582056716727,0.7262351481371226,0.6783911595174298,0.6796547410433023
temperature_0.6,0.0,0.5540876188726852,0.273377906485239,0.2470736520745454,0.6514638603354493,0.700436777745684,0.744990187570422,0.6297645134549728,0.7347874813874872,0.7142473417699983,0.7059473810457201
temperature_0.6,1.0,0.5561393557893017,0.2775300512337971,0.2481070709150075,0.6476934115651628,0.6966236938053454,0.7080337776148836,0.6147350349361009,0.728988815201807,0.6809471087543673,0.6831761841267897
mixed,0.0,0.5640014006603067,0.2715928656276173,0.23829910198979,0.6455769715830684,0.6909599758995076,0.7360095492037217,0.6067136092855568,0.7180611042014403,0.7224755776193529,0.6958149600775179
mixed,1.0,0.5702683868384473,0.282464735023636,0.2418341946853254,0.6444286477397865,0.6903505741710394,0.73140180364037,0.609089702045069,0.7136519489143762,0.7098322179823467,0.6909939181455405
all,0.0,0.5539969662009245,0.2716985812458395,0.2499376002768446,0.6515877489000559,0.5095095844008029,0.6867244825332515,0.6214996418537257,0.7331670180663754,0.6636475111366124,0.6762596633974912
all,1.0,0.5615753177744832,0.2806325357287578,0.2513266443761461,0.6483081161136358,0.5169920687524365,0.7067827724665834,0.6176688113286722,0.7266459806388649,0.6793204354545648,0.6826044999721713
conservative,0.0,0.5481022732847526,0.2644745265792116,0.2355654696690623,0.6469322933504978,0.684393911001583,0.692246119955607,0.6119118093184612,0.7252958327902177,0.6643027629677307,0.6734391312580041
conservative,1.0,0.5352240265676441,0.2644762534577931,0.2333299156828428,0.6409666524806493,0.6854769639565911,0.665842599930325,0.612185643160011,0.7261619254538052,0.635298439443678,0.6598721519969549
mixed_liberal_75,0.0,0.5606468345034741,0.2707705613890198,0.2378902117620089,0.646415863186121,0.6884403002137939,0.6819840903382492,0.626750056521397,0.702411612352959,0.6662783725465643,0.6693560329397924
mixed_liberal_75,1.0,0.5654930197055615,0.2771639405125778,0.2369226420184716,0.6412282639825848,0.6860298121479196,0.6939468923961262,0.6165011609311153,0.706501962833745,0.6742791232982567,0.6728072848648108
top_p_0.4,0.0,0.5498339371807034,0.2698612266310974,0.2470016896304278,0.6517987279221416,0.703961327051123,0.7282490005648646,0.6209958580061192,0.7347326514008895,0.6840477745097472,0.6920063211204052
top_p_0.4,1.0,0.5466935464376893,0.2734597933118116,0.2451578901192467,0.646891266863111,0.6982672527642317,0.6878229030844171,0.6178912694716132,0.7340181663208714,0.6492985597490005,0.6722577246564755
top_p_0.7,0.0,0.559613028822033,0.2757241659700941,0.2502317264527828,0.6526976736883322,0.7031849663083752,0.7149067277779211,0.6201124867690497,0.739498687231246,0.6893092426918689,0.6909567861175215
top_p_0.7,1.0,0.5602660614382446,0.2798245100010231,0.2498139428486425,0.6483558773994446,0.7009737150769838,0.6923161131420661,0.6118060386133675,0.7315622412282744,0.6614637139801164,0.6742870267409561
top_p_0.6,0.0,0.5489376839609378,0.271078964032772,0.2480980474624175,0.6511779070521394,0.7033128330173591,0.6785567377403309,0.6186971301429719,0.7356976925684183,0.6562876892722267,0.6723098124309869
top_p_0.6,1.0,0.5616314846027706,0.280841977817673,0.2484368416880381,0.6482625528120659,0.700176897351171,0.698405144166401,0.6132125805645966,0.7411019369689731,0.668973151802877,0.6804232033757119
top_p_0.1,0.0,0.5509488025955395,0.2702205724586731,0.2489816647736474,0.6505913647512594,0.7027634236340722,0.7026958079133498,0.6192984848007648,0.7318111897652954,0.6732852015351614,0.6817726710036429
top_p_0.1,1.0,0.5537262186712018,0.2759037687923713,0.2462927149140794,0.6469999415773741,0.6990732326473988,0.68418346646303,0.613836439947701,0.7336984775993,0.6490393079614778,0.6701894229928772
top_p_0.3,0.0,0.5542520604244822,0.273401073141907,0.2498577596574757,0.6506541082635522,0.6998441483204564,0.7250891664212672,0.6185064192808655,0.7318975004525387,0.7012167587968318,0.6941774612378758
top_p_0.3,1.0,0.554142627566627,0.2764790821793552,0.2472564236911561,0.6467922472617995,0.6990443466414868,0.6858416647700689,0.6133536428902848,0.7313390030412568,0.6524213725797704,0.6707389208203453
top_p_0.5,0.0,0.5477846418910488,0.2695805096346142,0.246103845513645,0.6505342035864791,0.7015345809049904,0.6827328260756585,0.6254522665683925,0.7381997186866524,0.6553178886102494,0.6754256749852382
top_p_0.5,1.0,0.55338590343391,0.2749963423712903,0.2461050440505551,0.6477664207068967,0.6987652107023857,0.6989802249689147,0.615885737237205,0.7301553702499264,0.6702836358229998,0.6788262420697614
top_p_0.9,0.0,0.5613561571934108,0.2758540176081763,0.2516233410595702,0.6519154626876116,0.7050832724198699,0.7253564978180959,0.6152398221899983,0.7334973041394867,0.6984133062301049,0.6931267325944215
top_p_0.9,1.0,0.551317787856902,0.2737679770949767,0.2457271504646244,0.6482412229121571,0.699766473535081,0.7051484649463754,0.6193324918938624,0.7284579272946263,0.6775481501894404,0.6826217585810761
top_p_0.8,0.0,0.5549853966567732,0.2708420381994188,0.2475676496703571,0.6507540342087547,0.7011186741292477,0.7126836771441437,0.6194279674564306,0.7297254439465627,0.6849355124828764,0.6866931502575033
top_p_0.8,1.0,0.5578293832369612,0.2778256380819632,0.2490942311799371,0.6471746657935666,0.7002283087918456,0.677116152039898,0.6100076438937456,0.7303327715353101,0.6522797482640044,0.6674340789332395
top_p_0.2,0.0,0.5525071173458046,0.2701257048128413,0.2491939333568702,0.6508085196837783,0.6996572455391288,0.7143697851304007,0.6185886913942515,0.7344755116190221,0.6856033118438023,0.6882593249968693
top_p_0.2,1.0,0.5559576752023433,0.2762785639402934,0.2467852139383284,0.6469792248497547,0.6996356414237492,0.6900841325223418,0.6129729591090483,0.7327162886337416,0.6534946472693033,0.6723170068836087
LongT5_BASE,0.0,0.5007106669750623,0.2110514879994246,0.1980188366078777,0.6064322150001923,0.6493079106633862,0.2301087857279307,0.571760009991911,0.6969514835579744,0.2430737470462725,0.4354735065810222
LongT5_BASE,1.0,0.4989099261458489,0.2145547040181848,0.193248193860373,0.6027938962822229,0.6484376608485907,0.2398765850489553,0.547092857419716,0.6994965302084806,0.2565353076273675,0.4357503200761299
