Model Name,voteDistribution,rouge1,rouge2,rougeL,bert_f1,align_score,unieval_coherence,unieval_consistency,unieval_fluency,unieval_relevance,unieval_overall
SLED,0.5555555555555556,0.2644517414757914,0.1189312791308374,0.135882110503785,0.6078173091652197,0.5968106613246673,0.295873464767501,0.5553721302878928,0.6156767951672376,0.3069166342905571,0.4434597561282971
SLED,0.5714285714285714,0.2109538703207618,0.0885987888897739,0.1067227060999764,0.5736614167690277,0.4971450716257095,0.3276600903979297,0.5394401765484201,0.6978485251106632,0.307598410007143,0.468136800516039
SLED,0.625,0.2687798429671431,0.1169899900077579,0.1343485979593755,0.6098109275102616,0.612224355340004,0.3125389212345461,0.5634402289122453,0.6243161416807202,0.3840260680646818,0.4710803399730484
SLED,0.6666666666666666,0.2722810376756545,0.1231447828561455,0.1395038560779888,0.6086108359423551,0.6003232256932692,0.3517058065382676,0.5766118314306709,0.5998173662100554,0.3518236595068669,0.4699896659214652
SLED,0.7142857142857143,0.3808647654093836,0.1677419354838709,0.1968721251149954,0.6478167176246643,0.6061349511146545,0.3186567888560004,0.4545463367195789,0.6210013293506024,0.3286968059227275,0.4307253152122273
SLED,0.75,0.2662406117450324,0.1188555259668937,0.1415952887017816,0.6116628165428455,0.5812833320636016,0.2715833889369056,0.5535132040930167,0.5397799577941833,0.3576584704833797,0.4306337553268713
SLED,0.7777777777777778,0.2665541547629407,0.1244914706352021,0.139034157455893,0.6139829850196838,0.5913585811853409,0.264997259753192,0.5574388840461721,0.5805526507977528,0.3151885524981403,0.4295443367738143
SLED,0.875,0.2853873173807726,0.129716243144099,0.1435978038482862,0.6022037188212077,0.586313792069753,0.331354611520155,0.5947476912687555,0.5592500060462254,0.3904341525784543,0.4689466153533975
SLED,0.8888888888888888,0.2948799392981596,0.1348635130051258,0.1530831388602569,0.6131226691332731,0.5828624358682921,0.3167558760453349,0.5974854049599385,0.596281406721571,0.3646578226093586,0.4687951275840508
SLED,1.0,0.3011601527755088,0.1393562667622677,0.1564551147019511,0.6175432361788669,0.6061875870672323,0.3140025888968881,0.5920332364618376,0.590201248212681,0.3497132003274268,0.4614875684747084
top_k_500,0.5555555555555556,0.5515347855272091,0.2673801262423569,0.2363950316777847,0.6478817386364718,0.7016907788197929,0.7747318093585979,0.5920005887389207,0.739753976907062,0.7502653423618678,0.714187929341612
top_k_500,0.5714285714285714,0.5269788290843088,0.2358682874592614,0.2077086982443268,0.6329822242259979,0.6916356682777405,0.877381449604028,0.6320205076121632,0.7710409164699352,0.8507429244613107,0.7827964495368593
top_k_500,0.625,0.548701905670665,0.2687602921873209,0.2465619074472144,0.6431508392095566,0.7259874016046524,0.7324506872395815,0.6451654133589202,0.7508219646192522,0.687836831006175,0.7040687240559822
top_k_500,0.6666666666666666,0.5490507721167509,0.265222327496732,0.2369673106424029,0.6448776765303178,0.7127305280078541,0.671290181367553,0.6174642730030723,0.7497748139049177,0.6543346002086455,0.6732159671210471
top_k_500,0.7142857142857143,0.5163934426229508,0.2627257799671593,0.2459016393442623,0.6509310603141785,0.7489848136901855,0.1165317596689507,0.6713352096749157,0.6940839943077375,0.2520053281301759,0.433489072945445
top_k_500,0.75,0.5613176354600313,0.2774625477076018,0.2538569491338857,0.6477982768645654,0.7212649835990026,0.7113612195660554,0.6064844049184146,0.7090214945385251,0.6596076716555035,0.6716186976696247
top_k_500,0.7777777777777778,0.553205589471795,0.2722853305250544,0.2448647787561146,0.6453404080867767,0.691342681646347,0.6695651209697511,0.5916888992649367,0.7173907354979988,0.6423288358113993,0.6552433978860215
top_k_500,0.875,0.5804549509602415,0.2829884286788832,0.248877807269381,0.6371251344680786,0.6793009638786316,0.6894269268622764,0.5889333264710637,0.74007921147093,0.6697029981278502,0.6720356157330301
top_k_500,0.8888888888888888,0.5893908091086362,0.2909236574298982,0.261100612948194,0.6534058126536283,0.709055118488543,0.683349721690637,0.6214909286623925,0.7297466983214236,0.6742147009108503,0.6772005123963258
top_k_500,1.0,0.5705236136163947,0.2832463365765706,0.2533157211263139,0.6503205125109625,0.6844810686879239,0.7122074466430051,0.6206662351459554,0.7260621073901257,0.6920368487753299,0.687743159488604
top_k_100,0.5555555555555556,0.5420178657192103,0.2615459669920211,0.2335912424292244,0.6510525925443806,0.7045699773578469,0.7597814766022142,0.5948152832204135,0.736509215017388,0.7412371551816119,0.708085782505407
top_k_100,0.5714285714285714,0.4639960392940436,0.1926768965740373,0.1870711520061416,0.6187757849693298,0.6989291906356812,0.5275726698290156,0.5918488459180857,0.722960305911717,0.4957182582937001,0.5845250199881296
top_k_100,0.625,0.5528571381984404,0.2730446304479739,0.2395813836964142,0.6490583211183548,0.7139878094196319,0.7081634671707742,0.6412336656868821,0.7436958498703706,0.6902970933256232,0.6958475190134126
top_k_100,0.6666666666666666,0.5473704918301767,0.2668568625996075,0.2382577403948297,0.642368681864305,0.722380496155132,0.7224094381743271,0.6110179386246014,0.7473035477796722,0.7098439149727941,0.6976437098878489
top_k_100,0.7142857142857143,0.497504159733777,0.2316666666666666,0.2479201331114808,0.6401706337928772,0.6838667988777161,0.1253399906929249,0.7520403765717886,0.696848601647307,0.1093113175003971,0.4208850716031044
top_k_100,0.75,0.5623911429816563,0.2805500575300252,0.2555829611656738,0.6517752225582416,0.7117713643954351,0.811637053634277,0.6002918569254392,0.7261072504521521,0.7734914606331043,0.7278819054112431
top_k_100,0.7777777777777778,0.5563956704770873,0.27566559954864,0.2455564547116387,0.6482171213626862,0.6994342577457427,0.7271932597386471,0.6017664891758132,0.7250829944622568,0.7058768800952028,0.68997990586798
top_k_100,0.875,0.5795339140347548,0.2815688762412091,0.257809342771953,0.640868604183197,0.6828123887379964,0.6896408364496132,0.6045570971952956,0.7518553829116236,0.6630205215530084,0.6772684595273851
top_k_100,0.8888888888888888,0.5668638376034117,0.288463231618511,0.2657623982559018,0.6538464192188147,0.6962724617033293,0.6306229952167336,0.6272664180519416,0.7192446590576326,0.6358660475861858,0.6532500299781233
top_k_100,1.0,0.574056386082699,0.2892847619364672,0.2583909604132673,0.6512414004843113,0.6892755561966007,0.6625623460177207,0.6163369226390928,0.719459396304958,0.6361546743276351,0.6586283348223516
top_k_1000,0.5555555555555556,0.5456737943457765,0.2651049692212836,0.2393439166056757,0.6489927385925153,0.70552950277241,0.7136146879231107,0.5929954343097157,0.736815206589909,0.6847007411019986,0.6820315174811835
top_k_1000,0.5714285714285714,0.4298447363377318,0.2249273651795789,0.2080496233208205,0.6505656540393829,0.7125521302223206,0.2855912131386741,0.6246592058310032,0.8033050720313817,0.2108352588851474,0.4810976874715516
top_k_1000,0.625,0.5427169491033814,0.267115669819769,0.2454689579871196,0.6440812826156617,0.714666536450386,0.6960279928946561,0.6379259921614657,0.7390484104455903,0.6494128531712628,0.6806038121682437
top_k_1000,0.6666666666666666,0.5547264457659669,0.269047770222341,0.2379108567644561,0.6411903229626742,0.7061707870526748,0.7481459380760427,0.6024735445399749,0.7428475907953528,0.7188543292159214,0.703080350656823
top_k_1000,0.7142857142857143,0.6095592799503414,0.2846488502175264,0.2346368715083799,0.6446020603179932,0.6957330107688904,0.8332292877611442,0.543652091556064,0.6142509844293234,0.8292023868862817,0.7050836876582034
top_k_1000,0.75,0.557204311245036,0.2675369118399953,0.2405789719562384,0.6481152062232678,0.7081131820495312,0.721718807118974,0.6024908266035407,0.7187130746384245,0.6732616887126954,0.6790460992684086
top_k_1000,0.7777777777777778,0.5564736824348272,0.2755379972699069,0.2445168600288423,0.6487400925159454,0.6899339509010315,0.7371108052726357,0.5928180526132187,0.7188706817660774,0.7180349750547496,0.6917086286766704
top_k_1000,0.875,0.5702598490087053,0.2757598159790976,0.2518086957500984,0.6412209590276082,0.6863386193911235,0.7511842067907246,0.6332495897086088,0.7381364514874069,0.7215066560315908,0.7110192260045828
top_k_1000,0.8888888888888888,0.5837069566818316,0.2846511740532315,0.2565669007694593,0.6536750070976488,0.712576586188692,0.7360229041722853,0.6262698178833049,0.7296046803264808,0.7184186877996831,0.7025790225454385
top_k_1000,1.0,0.56622316548868,0.2815050053911007,0.2520919266694629,0.6521207159858639,0.6864042486679756,0.693285017317395,0.6172550655179395,0.7248512492650587,0.672501907081231,0.676973309795406
top_k_25,0.5555555555555556,0.5373561163544722,0.2596528539070875,0.2339411309651543,0.6467146873474121,0.7100614965508837,0.7480743120665694,0.6014456000035716,0.7492192534977364,0.7286921479751794,0.7068578283857642
top_k_25,0.5714285714285714,0.4209020754063475,0.1982936066879396,0.2084657659549453,0.6390568017959595,0.637292742729187,0.6833162660370654,0.714445922992406,0.8288358713574997,0.5553819137094712,0.6954949935241106
top_k_25,0.625,0.5230176842484509,0.261905484233103,0.2341446231120215,0.6464826494455338,0.7206940799951553,0.7531713090418657,0.6614374212367529,0.7389746861697345,0.6712374859141249,0.7062052255906195
top_k_25,0.6666666666666666,0.5646195222309086,0.2731089000514001,0.2419837609436013,0.6433723774823276,0.7042291597886519,0.7204428459187888,0.614998352788746,0.7319313035506615,0.7037123864692529,0.6927712221818624
top_k_25,0.7142857142857143,0.5974499089253188,0.2735562310030395,0.2452944748026715,0.6493300795555115,0.6608174443244934,0.8665008821326085,0.5717053908435604,0.7277149625877398,0.8418835475064829,0.751951195767598
top_k_25,0.75,0.5593978291570418,0.2745158066280167,0.2517521853826366,0.6491886537808639,0.707230975994697,0.7000759434109514,0.6060914287665734,0.7195565044961126,0.6525473077012609,0.6695677960937245
top_k_25,0.7777777777777778,0.5459498150623269,0.2705370105911454,0.2421212288600894,0.648577606678009,0.7005788397789001,0.7790546642475005,0.5974350421885005,0.7246971181086153,0.7322350175591746,0.7083554605259478
top_k_25,0.875,0.5817054441415831,0.275571496856081,0.2396367130850667,0.6328158855438233,0.6874490141868591,0.7972845973608992,0.5864366330962534,0.7299189345189071,0.7292101277283733,0.7107125731761083
top_k_25,0.8888888888888888,0.5636506059701913,0.2817923888908743,0.2537176372561584,0.6533188585079077,0.6997412226416848,0.69777604963387,0.6328605846530975,0.7179734272653581,0.684785501315047,0.6833488907168431
top_k_25,1.0,0.5731271252408001,0.2875214727902365,0.2582075433468963,0.6518249829946938,0.687914135850082,0.7162305728403434,0.6215108435289894,0.7173181956375756,0.6756774417946605,0.6826842634503922
top_k_10,0.5555555555555556,0.5426687001305573,0.2619101761680521,0.2357730696819457,0.6463548437171026,0.7093321495099899,0.739944763496438,0.6028766452605523,0.7390524045776014,0.7116703499564337,0.6983860408227563
top_k_10,0.5714285714285714,0.3169322828755511,0.1525333627217038,0.1722308201933135,0.6311498582363129,0.707625538110733,0.6285902237663556,0.6736183286929477,0.8637637396948972,0.4997474685095062,0.6664299401659267
top_k_10,0.625,0.5552662260988631,0.2842843306217096,0.2529638308268397,0.6423364996910095,0.7307864934206009,0.7188690145289859,0.6164297411804375,0.7471155446694333,0.6801153860125831,0.6906324215978599
top_k_10,0.6666666666666666,0.5707136925816311,0.2775475905628997,0.2429959613871754,0.6416446458209645,0.7179106972434304,0.7814322395972044,0.6126646792154125,0.7280902827541397,0.7610865222628772,0.7208184309574083
top_k_10,0.7142857142857143,0.5929319371727747,0.27129750982962,0.25,0.6596713662147522,0.5005326867103577,0.0768791754342123,0.4621307702051465,0.6863348436477869,0.1316438222787254,0.3392471528914678
top_k_10,0.75,0.5703862500487885,0.2861827034478135,0.2585661158228721,0.653058817753425,0.7218324633745047,0.8195336712392703,0.6238232017404066,0.7579978973999862,0.7961906900674272,0.7493863651117726
top_k_10,0.7777777777777778,0.5624733846513602,0.2754575143487938,0.24354340664141,0.6481514513492584,0.6973794066905975,0.7416341470654647,0.5884542025772866,0.7281649871711194,0.724724210217569,0.69574438675786
top_k_10,0.875,0.5605511344716844,0.2747163390245518,0.2443776880800902,0.6332650462786357,0.702606217066447,0.708685071776209,0.6083307838732356,0.7548511093091599,0.6713777132835284,0.6858111695605332
top_k_10,0.8888888888888888,0.5827322637260288,0.2866453029284898,0.2659366615523104,0.6561412124922781,0.7081137714963971,0.7310110145446049,0.6230291725266619,0.7341638087984327,0.726698112171276,0.7037255270102438
top_k_10,1.0,0.5737120158323418,0.2880161945141574,0.2571721199464396,0.6540362440933616,0.6905382851422843,0.7153206897850688,0.6263532815946876,0.7236659496427225,0.6975813797722296,0.6907303251986772
top_k_75,0.5555555555555556,0.5330036724591242,0.2598766736198556,0.2323716802935174,0.6473000585486036,0.7065408875089173,0.7674510726341722,0.6014258473199463,0.7337923524334922,0.7455728732717912,0.7120605364148506
top_k_75,0.5714285714285714,0.4062104018308828,0.1884991213025894,0.178244265062384,0.6380610764026642,0.6968816518783569,0.825883413593741,0.6455636359675563,0.7676803986531813,0.6939946349526429,0.7332805207917803
top_k_75,0.625,0.546190209058144,0.2707093749902994,0.2471262265696068,0.6427208483219147,0.70874924659729,0.6307879885329389,0.6341183577240835,0.7445989301197388,0.6166775596086018,0.6565457089963408
top_k_75,0.6666666666666666,0.5509383624711048,0.2690084321941081,0.2404394120818609,0.6388699184764516,0.7095448992469094,0.7331625631547725,0.6098482634594565,0.7400189135140665,0.7004879820707898,0.6958794305497714
top_k_75,0.7142857142857143,0.5870098039215687,0.256441717791411,0.230392156862745,0.6426714062690735,0.6420391201972961,0.8965085208256716,0.6082037657962484,0.7294851595818995,0.8690071172443242,0.775801140862036
top_k_75,0.75,0.5508904753049323,0.279030957932483,0.2498241375724498,0.6477673282990088,0.7106400086329534,0.6519640198993135,0.6007645811288355,0.720198157649923,0.5959795850830296,0.6422265859402754
top_k_75,0.7777777777777778,0.5576439535437061,0.2754735493110815,0.2466835937165754,0.6450864100456237,0.6838635438680649,0.701547381472373,0.5911385469306619,0.7319427820222121,0.6934168797675168,0.679511397548191
top_k_75,0.875,0.5734268656231226,0.2785039974413594,0.2542920417927269,0.6374786019325256,0.6887577533721924,0.7842836028400402,0.6227081912441096,0.7607022895442742,0.7568499588401785,0.7311360106171506
top_k_75,0.8888888888888888,0.5917401653803863,0.2916630361399907,0.2650184043985776,0.6586708209731362,0.7035384810332096,0.7405986557550712,0.6157529615122683,0.7409750541112007,0.7284263932257329,0.7064382661510683
top_k_75,1.0,0.5777323860406811,0.2880221231894569,0.2564584185272536,0.6513682583631095,0.6899148610941435,0.7109648678433615,0.6197362649325224,0.7170364928243368,0.6833773877546133,0.6827787533387084
top_k_250,0.5555555555555556,0.552890927305466,0.2688661626458357,0.2373378979500245,0.6486104289326099,0.7052421974479606,0.7603882402935468,0.6016376337991085,0.7320046292285678,0.7456672664806288,0.7099244424504629
top_k_250,0.5714285714285714,0.5131461366440354,0.2494119387639206,0.2065254038796916,0.6315791010856628,0.7081713378429413,0.8116637343177244,0.6079136308880899,0.722985276156211,0.7875039725790207,0.7325166534852615
top_k_250,0.625,0.561894976844369,0.2763283713852513,0.2472410996931821,0.6486833393573761,0.7167019575834275,0.7120060970292336,0.6157312395370045,0.7360001036587784,0.6627152577586475,0.681613174495916
top_k_250,0.6666666666666666,0.5546623716600508,0.2691849076849517,0.2394864757002709,0.6412572058764371,0.7087928100065751,0.7556102137736584,0.6047356936973763,0.7299318025267608,0.7191525706713486,0.7023575701672861
top_k_250,0.7142857142857143,0.5957446808510638,0.2714546561168594,0.2261398176291793,0.6516162753105164,0.6951227188110352,0.8980417791083061,0.6004202835490183,0.583703452739469,0.8755072416051697,0.7394181892504907
top_k_250,0.75,0.5450522576048651,0.2692231118241674,0.247512548785286,0.6499841832197629,0.7172798216342926,0.6925179008545436,0.6275490408412898,0.7233531294869641,0.6707592889457198,0.6785448400321294
top_k_250,0.7777777777777778,0.5598620899642804,0.2744848212927946,0.2416205888250339,0.6457959139347076,0.6824179553985595,0.7751389852330941,0.5827137495539662,0.7194078317244451,0.7533212872345412,0.7076454634365116
top_k_250,0.875,0.5813519578427708,0.276912599808794,0.2481789904738038,0.6347496747970581,0.692568310101827,0.6921126049225266,0.6347861731088109,0.750222953901578,0.6390379676173654,0.6790399248875703
top_k_250,0.8888888888888888,0.56902905627261,0.286881769261002,0.2601125281941176,0.6545762654506799,0.7056616580847538,0.7661085111349193,0.6117547573582521,0.7326054592433962,0.7500691693497586,0.7151344742715815
top_k_250,1.0,0.5640436770623086,0.2814048555182462,0.2520666875210162,0.6513092431981685,0.6898786934503054,0.7077196296659518,0.6236486407324412,0.7186556657489642,0.6797714251347887,0.6824488403205365
top_k_50,0.5555555555555556,0.5427812408617434,0.2609751114425698,0.2317522598739561,0.6464070256696929,0.7126503783628482,0.7868499599953716,0.5973009219067273,0.7395516488485961,0.7686923802167781,0.7230987277418682
top_k_50,0.5714285714285714,0.3500585400999684,0.1704201086036887,0.1820300314806551,0.6259056627750397,0.6774320006370544,0.5079933343441885,0.7015847855724242,0.8394156898002252,0.3161262639478683,0.5912800184161765
top_k_50,0.625,0.5287740743232888,0.2549467241033893,0.2339055598323166,0.6468974053859711,0.7260669589042663,0.7195645620453227,0.6546496908230298,0.7596762664806402,0.6637646681332993,0.699413796870573
top_k_50,0.6666666666666666,0.5715455236013921,0.2764918452340413,0.2437964821426381,0.6469271844083613,0.7168301972475919,0.7956989873230697,0.6114552644708965,0.7433390710773119,0.7599939600101535,0.7276218207203579
top_k_50,0.7142857142857143,0.5972906403940886,0.2589395807644882,0.2266009852216748,0.6521323323249817,0.6496688723564148,0.3439820152168618,0.5178621786619803,0.694634271465462,0.4778338823670081,0.508578086927828
top_k_50,0.75,0.5444192957771724,0.2718933780462713,0.2496583480222008,0.6492972924159124,0.7083404912398412,0.6991110278756919,0.6257378949625068,0.7268772522300981,0.6209073386131203,0.6681583784203542
top_k_50,0.7777777777777778,0.5691410498303359,0.2788119880620757,0.242791980348859,0.649313657283783,0.6928398156166077,0.7553832454177548,0.587508224745614,0.7169714926028692,0.7458061952075064,0.7014172894934362
top_k_50,0.875,0.5820418668511905,0.2756801029313118,0.2411299892103542,0.6309328993161519,0.6730663100878398,0.6278733844681461,0.5911644058504383,0.7486112798172303,0.6282200913445269,0.6489672903700855
top_k_50,0.8888888888888888,0.5649870774346365,0.2824575167585518,0.2591251478714984,0.6558804168845668,0.7143945802341808,0.6459470457493691,0.6285351221546751,0.7243602089759298,0.6492249091588627,0.6620168215097092
top_k_50,1.0,0.5712313400604463,0.286032125538367,0.2556331609329914,0.6504048894522554,0.6867446826171066,0.7229575972010863,0.6206954878548557,0.7283826185718955,0.6930590724112947,0.6912736940097831
top_k_1500,0.5555555555555556,0.5353674839914738,0.261565927932072,0.2332306480003648,0.6485644808602989,0.7012178777554713,0.7357568783188813,0.6031791359914114,0.7274886769932076,0.7155818323783225,0.6955016309204557
top_k_1500,0.5714285714285714,0.5296047347703905,0.2338265936652434,0.189553101397148,0.6251148283481598,0.6399243772029877,0.84114371456303,0.603780533613888,0.7479957047157594,0.8298115263820589,0.755682869818684
top_k_1500,0.625,0.5402712206593454,0.2642023966615266,0.2424560941667089,0.6445729106664657,0.7244152367115021,0.7338548119224373,0.6375809314024108,0.7257057619668607,0.6872904180427126,0.6961079808336053
top_k_1500,0.6666666666666666,0.5493042694859489,0.2674565643788463,0.2393466180786578,0.6421158682216298,0.7075003336776386,0.7333389612939242,0.6193703377581146,0.7488155086879599,0.7208769026011755,0.7056004275852935
top_k_1500,0.7142857142857143,0.5457184325108854,0.252906976744186,0.2249637155297532,0.6394514441490173,0.6851968169212341,0.8956504751070071,0.6472241237017071,0.7512509083328979,0.8531725745930876,0.7868245204336749
top_k_1500,0.75,0.5709475241667108,0.2854787230081796,0.2520767542186882,0.6522127733780787,0.7053098128392146,0.7236439501400126,0.5948853132875098,0.7280155725657705,0.705044599157728,0.6878973587877553
top_k_1500,0.7777777777777778,0.5446226253062616,0.2684605822327405,0.2429632148005495,0.6442546617984771,0.6906745600700378,0.7166323797927862,0.5977206787672056,0.7295211338662944,0.7008646580765604,0.6861847126257117
top_k_1500,0.875,0.5895032388261754,0.2874236215050266,0.2465800113611047,0.6369383414586385,0.7002956509590149,0.7465593099735727,0.5850679427817929,0.7530825661980741,0.7049922029601796,0.6974255054784048
top_k_1500,0.8888888888888888,0.559135919195429,0.2815837507049329,0.2608048584655648,0.65386347879063,0.6878508275205438,0.6287300400706483,0.6194512105852715,0.7283123767668006,0.6357757692928604,0.6530673491788953
top_k_1500,1.0,0.5612174289354908,0.2798853118994741,0.2535051477256099,0.6511639785968651,0.686864066932161,0.6986817623414234,0.6204024811873956,0.7303692433640596,0.6725845861361484,0.6805095182572568
top_k_2000,0.5555555555555556,0.5357189860286118,0.2597934634899613,0.2324566913403688,0.6449974359722312,0.7033319722074981,0.7473255854929185,0.5946176768775169,0.7340204524536744,0.7378873348121493,0.7034627624090648
top_k_2000,0.5714285714285714,0.5122872869122161,0.2236947817635999,0.2021844959205659,0.6511389911174774,0.6931807696819305,0.8749086076287492,0.6112162446424068,0.8043720817417381,0.871119954694053,0.7904042221767368
top_k_2000,0.625,0.5423850858902312,0.2649879829080638,0.2379191334562218,0.6439867854118347,0.7324010640382767,0.6899626641158164,0.6524944780352464,0.770651811038851,0.6565398233228412,0.6924121941281888
top_k_2000,0.6666666666666666,0.5589508216470274,0.270324663916378,0.240079788876539,0.6451277754523538,0.7102287411689758,0.7125619946569236,0.6196038551133103,0.7371818255970145,0.6833168985374518,0.688166143476175
top_k_2000,0.7142857142857143,0.6271293375394322,0.3158559696778269,0.2498422712933753,0.6586385369300842,0.6321687698364258,0.9066358028773096,0.6552057027537566,0.7938996113080973,0.8838477207055656,0.8098972094111823
top_k_2000,0.75,0.5672690759939573,0.2831853300543372,0.2560595715491332,0.6520712306866279,0.7036431821493002,0.6790126798922246,0.5912253502182712,0.7008811513691111,0.6764235737880788,0.6618856888169214
top_k_2000,0.7777777777777778,0.5487226767550853,0.2714520160879025,0.2453587915452228,0.6480443823337555,0.6880635631084442,0.6804077300989972,0.5941183367684995,0.7342909704520291,0.6698313693390112,0.6696621016646342
top_k_2000,0.875,0.5466427052186167,0.2594118403465776,0.2333491534827824,0.6353669404983521,0.6973203182220459,0.7573653985699433,0.6219296912381846,0.7686845434208137,0.7178697707317189,0.7164623509901652
top_k_2000,0.8888888888888888,0.5575987660596768,0.2723990969611143,0.2504981666651732,0.6517187844623219,0.7049392371466665,0.6917541141732937,0.6175190697075892,0.7142724835771406,0.6839130837567804,0.676864687803701
top_k_2000,1.0,0.5695944483283154,0.2842706763940275,0.2577478725245277,0.6539426228757632,0.6904481495335951,0.6927828052425292,0.6248348312184274,0.7254518535382638,0.6638580893087729,0.6767318948269984
liberal,0.5555555555555556,0.5464884039621087,0.2612700280233376,0.2253765089600571,0.6391052127978124,0.6840017552769512,0.7269807213341488,0.5826623162274807,0.7178860021965059,0.7107303851860766,0.684564856236053
liberal,0.5714285714285714,0.507790813926135,0.2087799241958418,0.1874911785462243,0.6086768507957458,0.6754440069198608,0.81152450917901,0.5681212334653796,0.7401648680676256,0.8134489800704032,0.7333148976956045
liberal,0.625,0.5649989643164361,0.2741704214591897,0.2344865428208771,0.6382273644208908,0.7055409908294678,0.6188426021526713,0.6181942169746246,0.7257613477126075,0.6049249566676383,0.6419307808768855
liberal,0.6666666666666666,0.5810642587291877,0.2782389458000187,0.2323587114411368,0.6345922459255565,0.686543904651295,0.7527791721658317,0.5857452490950417,0.7100836304190051,0.7329814257433482,0.6953973693558066
liberal,0.7142857142857143,0.5962962962962963,0.2669962917181706,0.2333333333333333,0.6787146925926208,0.6726893186569214,0.8867538780010198,0.489292224279768,0.6813885546730755,0.8639304227206084,0.730341269918618
liberal,0.75,0.5616858790885149,0.2677370284384203,0.2325578161062974,0.6455162534346948,0.6814405024051666,0.7349790717317444,0.5764662002848747,0.692543122202903,0.729622745979606,0.683402785049782
liberal,0.7777777777777778,0.5535586972605888,0.2679063779742012,0.2300894406673977,0.6439887535572052,0.6691489624977112,0.6853761510934622,0.5726065324062796,0.7031535968514988,0.6730816755457643,0.6585544889742512
liberal,0.875,0.5576498701596045,0.2640494623977616,0.2342601261477439,0.6341938455899556,0.6824535131454468,0.6516146036241073,0.63291093508956,0.7296905436734793,0.629551270919085,0.6609418383265578
liberal,0.8888888888888888,0.567698092819143,0.279272022639614,0.2452868755551014,0.6500175938461766,0.6861081719398499,0.5600876317277632,0.6151284171178973,0.7055631424757883,0.5655337046809262,0.6115782240005938
liberal,1.0,0.57650032263786,0.2864243400158068,0.2466052504402213,0.6448383333824449,0.6732449665413065,0.6652075207021693,0.6037962742862835,0.698646159121139,0.6500836040480114,0.6544333895394008
mixed_conservative_75,0.5555555555555556,0.5470713985353767,0.263570162007423,0.2271489445023304,0.6396433426699507,0.6975806809346611,0.7676586885516679,0.5920240588267087,0.726497622652815,0.7500597573725212,0.7090600318509283
mixed_conservative_75,0.5714285714285714,0.5081868008690283,0.2338882391672122,0.2032210205347785,0.6389532387256622,0.7373447120189667,0.6466908102850557,0.6032754990490786,0.7125013198464331,0.7131843740707925,0.66891300081284
mixed_conservative_75,0.625,0.5597801967794712,0.2663291847080566,0.2344413644193617,0.6370371252298355,0.6952116787433624,0.7114361675010988,0.6441248433628826,0.7322074225420101,0.6907403049518929,0.6946271845894711
mixed_conservative_75,0.6666666666666666,0.5657099437570946,0.2667595661158525,0.2315705543694743,0.637940362366763,0.7002674612131986,0.7328460702370311,0.6007414875245113,0.7166630386343922,0.7202972642046404,0.6926369651501437
mixed_conservative_75,0.7142857142857143,0.6024691358024691,0.2595797280593325,0.2037037037037037,0.6416052579879761,0.5856223106384277,0.8134275157224012,0.5825720298459195,0.6403602328573813,0.8008221712898478,0.7092954874288875
mixed_conservative_75,0.75,0.5535587072209849,0.266381138563282,0.2368963272858209,0.6440189916353959,0.7147916692953843,0.7112281824659704,0.6251341805142805,0.6971911107479792,0.6684687259506626,0.6755055499197232
mixed_conservative_75,0.7777777777777778,0.5683196223601304,0.2771589557429618,0.2378920329118198,0.645350992679596,0.6769883978366852,0.7860547713679563,0.5930546469013989,0.7269643927972598,0.7654797051117659,0.7178883790445951
mixed_conservative_75,0.875,0.5832596196169622,0.2756501271368426,0.2404286216311817,0.6399049560228983,0.6855278730392456,0.757785616942229,0.6006934715736681,0.7461770416534523,0.7617991346290066,0.7166138161995891
mixed_conservative_75,0.8888888888888888,0.5711496048844253,0.274793367772198,0.2417129307349304,0.6487968907211766,0.6899024537115386,0.7413492911098201,0.6078449410333684,0.7029153511587886,0.7276734121590521,0.6949457488652573
mixed_conservative_75,1.0,0.5762086139527676,0.2859022203239414,0.2471847955806597,0.6468648852433189,0.6766720065626047,0.7143778107033922,0.6175317270951707,0.7080275524795443,0.7034772277587399,0.6858535795092119
temperature_0.7,0.5555555555555556,0.5474453367772849,0.2682475908149238,0.238785683271772,0.6475622823478979,0.7130366995793964,0.7567990177594209,0.6011711003918423,0.7450554791734423,0.7382444217910631,0.7103175047789421
temperature_0.7,0.5714285714285714,0.5320958654941562,0.2459952020651979,0.2045925456186862,0.6311992704868317,0.672878235578537,0.863582865697242,0.606986235279545,0.7972677753348523,0.8394995704002102,0.7768341116779625
temperature_0.7,0.625,0.5486384237265435,0.2702101737431053,0.2495974057553698,0.648572438955307,0.7479821920394898,0.698612361092698,0.6428626805908937,0.7694776305647776,0.666513534087372,0.6943665515839353
temperature_0.7,0.6666666666666666,0.5655778015294317,0.2752008956741767,0.2450469332361982,0.6371047258377075,0.7115371736613187,0.7430772185732551,0.609791334723746,0.7437585187116827,0.7259628388602826,0.7056474777172417
temperature_0.7,0.7142857142857143,0.5757760194765672,0.251066422912858,0.2264150943396226,0.646606981754303,0.5843228697776794,0.8861092882987691,0.5330879935174391,0.7728644871675207,0.8662782639744644,0.7645850082395483
temperature_0.7,0.75,0.5663078000184207,0.281510464793992,0.2533674510916945,0.6513199576964745,0.7223988358791058,0.6724800201875507,0.6157236682907128,0.7172248206323839,0.6351748427993278,0.6601508379774939
temperature_0.7,0.7777777777777778,0.5422113960874765,0.2667881197100703,0.2427759968437208,0.6442820394039154,0.6956621050834656,0.7373156851193328,0.6065121768904467,0.7305469021975175,0.7003177589103611,0.6936731307794145
temperature_0.7,0.875,0.5770018576902032,0.2804280435438737,0.2556231290333292,0.639993941783905,0.6999709725379943,0.7673796622342288,0.6220736590072438,0.7600808902693339,0.7204646293214014,0.717499710208052
temperature_0.7,0.8888888888888888,0.5751115829803926,0.2853453936398223,0.2661883513049077,0.6594317338683389,0.6878179329814333,0.7096019236344968,0.6350526680663389,0.7547542913343054,0.6685775949618343,0.691996619499244
temperature_0.7,1.0,0.5728320095777557,0.2858149344104118,0.256264606309774,0.6508956667730363,0.6919294671487,0.718320785228247,0.623595728743825,0.7273765813954001,0.6887807214518562,0.6895184542048322
temperature_0.5,0.5555555555555556,0.5470028962680702,0.2670599784136713,0.2367742895558117,0.6490316822988178,0.7158533591742909,0.7202078554165614,0.6009036626029239,0.7415274883614333,0.7035569326764206,0.6915489847643348
temperature_0.5,0.5714285714285714,0.3476337416733692,0.1683909622628544,0.1874816968797046,0.6340979635715485,0.6512993276119232,0.4982903904946523,0.7161532357123026,0.8246710164970485,0.2600682756924062,0.5747957295991024
temperature_0.5,0.625,0.5659812323630025,0.2782748957509938,0.2448508696401936,0.6446747422218323,0.7409043550491333,0.698859060928805,0.6306087140682339,0.7539430175564148,0.7041869610816647,0.6968994384087795
temperature_0.5,0.6666666666666666,0.5564487535532848,0.2707050115836577,0.2407922452414948,0.6412030718543312,0.725228628245267,0.7511416178874265,0.6122820031576385,0.7481027034449457,0.7212925503762704,0.7082047187165702
temperature_0.5,0.7142857142857143,0.5946275946275947,0.2555012224938875,0.2124542124542124,0.6358386278152466,0.6320292949676514,0.9184684338835568,0.6229587281678701,0.7769151809665835,0.9002909645365159,0.8046583268886317
temperature_0.5,0.75,0.5452174937107079,0.2729883999525752,0.2503220894722665,0.6498247958146609,0.7146278665615962,0.7265958296088058,0.6166456708133757,0.7298197537037991,0.6661511270846469,0.6848030953026569
temperature_0.5,0.7777777777777778,0.5663723994962657,0.280686557613114,0.2501934644913214,0.648996821641922,0.7079975414276123,0.7300406682322795,0.6010472674192789,0.7252926811634629,0.7098250888880355,0.6915514264257642
temperature_0.5,0.875,0.5780859972060706,0.2890032238376737,0.2598331619207581,0.6304232915242513,0.6870738625526428,0.668183320518963,0.6164709094349623,0.7546490837966313,0.6443453244239107,0.6709121595436168
temperature_0.5,0.8888888888888888,0.5819708296988676,0.2939478727991257,0.2643783999723156,0.6568544507026672,0.6919329347032489,0.7112326391400499,0.6057792760104,0.7224120405532222,0.680382942735711,0.6799517246098458
temperature_0.5,1.0,0.557948619834734,0.2793390632220055,0.2549519874302882,0.6499623135995056,0.6910263893462844,0.6828037037025051,0.6293128465119785,0.7221315004753341,0.6445540092000254,0.6697005149724607
temperature_0.9,0.5555555555555556,0.5413687533224438,0.2650667744026068,0.2370170892111325,0.6473418496070652,0.7084639318492434,0.7511911469174299,0.6074945003141087,0.7449544123530555,0.7181304131790958,0.7054426181909225
temperature_0.9,0.5714285714285714,0.4503167055940191,0.2148334794040315,0.2067484836697112,0.6327971518039703,0.7273678481578827,0.8237443659238486,0.6448610671167303,0.8196468021413801,0.7312377693431594,0.7548725011312796
temperature_0.9,0.625,0.5377022426316508,0.2653043837593395,0.2413905458368261,0.6475386828184128,0.7200273215770722,0.7182760494848773,0.6240570927870499,0.7165750475303475,0.6814058265177562,0.6850785040800077
temperature_0.9,0.6666666666666666,0.5583704478970991,0.2728292894110169,0.2377485433632438,0.6469421766021035,0.7194341204383157,0.7939367831711034,0.6233374564741054,0.7457724882520724,0.7443566771042239,0.7268508512503763
temperature_0.9,0.7142857142857143,0.6027727546714888,0.2643331321665661,0.2386980108499095,0.660495936870575,0.6857703924179077,0.8503575810029196,0.5155974816885762,0.7550340702687761,0.8386139629805719,0.7399007739852109
temperature_0.9,0.75,0.5443935373000692,0.2704100245858647,0.2506056661934577,0.6532259010351621,0.7300492846048795,0.6600800786893302,0.6311188465429278,0.7408292982106884,0.6115786931606395,0.6609017291508965
temperature_0.9,0.7777777777777778,0.5500068562642206,0.2700121274239163,0.24306459947609,0.6463945722579956,0.6981308293342591,0.6754363453038983,0.5995028795970715,0.7197564203674625,0.6676308694876723,0.6655816286890262
temperature_0.9,0.875,0.5771771276111444,0.280680488719484,0.2501761194207285,0.6341700355211893,0.6840185364087422,0.77401703664341,0.6112511014762455,0.7420783199893235,0.7489452033683813,0.7190729153693401
temperature_0.9,0.8888888888888888,0.569174277851472,0.285871369704686,0.264969928169258,0.6519170114488313,0.6978508288210089,0.6668759286222682,0.627546681131696,0.714169792446738,0.6639073233307258,0.668124931382857
temperature_0.9,1.0,0.5644928495174523,0.2813688991079222,0.2519242530997351,0.6513174865710534,0.6887903402922517,0.705276465839654,0.62573151449041,0.7253948386891439,0.6768967899448892,0.6833249022410243
temperature_0.4,0.5555555555555556,0.5459968880189517,0.2661477670122427,0.2357075781847321,0.6468431386378927,0.7112696881687969,0.7461072956837133,0.597831635845128,0.735333288041498,0.7314769087379889,0.7026872820770821
temperature_0.4,0.5714285714285714,0.3976298785121833,0.2152192252561641,0.2081925187358867,0.6333378255367279,0.6180940866470337,0.6199421040358174,0.6412114061852381,0.7262116695800656,0.5219346337816141,0.6273249533956837
temperature_0.4,0.625,0.5528861864804183,0.2660145399982819,0.2458976886052016,0.6442959696054459,0.7354085624217988,0.6523315630868131,0.6475106514256631,0.7330972580721402,0.6209725106505998,0.663477995808804
temperature_0.4,0.6666666666666666,0.5629749878864857,0.2741816224897033,0.2426707765936941,0.642774929783561,0.7101449608802796,0.70107233108623,0.6110381176173808,0.7366805876535283,0.678560600813725,0.6818379092927159
temperature_0.4,0.7142857142857143,0.6146341463414634,0.2832722832722833,0.248780487804878,0.639764666557312,0.5588787198066711,0.8881784629867724,0.560635789857263,0.7216363207264206,0.8737768839802544,0.7610568643876776
temperature_0.4,0.75,0.5610788749709109,0.2821103622333077,0.2548834670703336,0.649925899047118,0.7240841434552119,0.6729772473712774,0.6171927982096379,0.7144220843478337,0.6216959746035919,0.6565720261330852
temperature_0.4,0.7777777777777778,0.5475544222859324,0.2740062189555654,0.2483768077925154,0.6479828643798828,0.6920740664005279,0.70904702425227,0.6053717347643309,0.7266093048143522,0.6758937886599715,0.6792304631227312
temperature_0.4,0.875,0.5930405158851716,0.2836960479375604,0.2553024979981736,0.6430825432141621,0.6940741419792176,0.6422423216813276,0.581826502758349,0.7553561597543873,0.6293765253997445,0.6522003773984522
temperature_0.4,0.8888888888888888,0.5711939863118991,0.2851551610860162,0.2646424165529675,0.6541870001590613,0.7093529683170896,0.721788959603115,0.6074907249483644,0.7108940363255419,0.6923333435553817,0.6831267661081007
temperature_0.4,1.0,0.5664596651863074,0.2857245504124239,0.2588321432262992,0.6518184302721993,0.6900883935770746,0.6854501463792781,0.6322482242333416,0.726389017966528,0.6503985857056529,0.6736214935712002
temperature_0.8,0.5555555555555556,0.5410583290847367,0.2633678907110238,0.2349480841453556,0.6477157134528554,0.7123573066991403,0.7373151501888034,0.5918610771808896,0.7325543362111874,0.7182955169170113,0.695006520124473
temperature_0.8,0.5714285714285714,0.4077523361001654,0.1943167672759806,0.1910056117584406,0.6322220265865326,0.7106781303882599,0.4744217144042715,0.6792218624148023,0.7472348096936444,0.3797283284607809,0.5701516787433748
temperature_0.8,0.625,0.5531036483589739,0.2742282896982294,0.2396535779168732,0.6517194837331772,0.7242151290178299,0.7552984652206833,0.6305507073357264,0.7790646325286713,0.7344100205556641,0.7248309564101862
temperature_0.8,0.6666666666666666,0.5522331685809542,0.2682299193521237,0.2436950576189588,0.6403565721078353,0.7061793890866366,0.715961811128916,0.6140603782922163,0.7363756800251398,0.691812163861333,0.6895525083269012
temperature_0.8,0.7142857142857143,0.5885922330097088,0.2648845686512758,0.2196601941747572,0.631013035774231,0.6385179162025452,0.8221105497086731,0.6509095539049168,0.6611133694545512,0.8310356187533279,0.7412922729553673
temperature_0.8,0.75,0.5531579848408025,0.2800080206793857,0.2521207078332266,0.652486129448964,0.7298312141345098,0.6536943253070642,0.6015176840011449,0.730310313639279,0.6364448254811598,0.6554917871071619
temperature_0.8,0.7777777777777778,0.5597086767977726,0.2736958187609482,0.2448352023228375,0.6471349072456359,0.6796854782104492,0.6870905080620165,0.583317761502757,0.7173657409135061,0.6757694711063015,0.6658858703961453
temperature_0.8,0.875,0.5463164503187431,0.2648812593920686,0.2320264541437258,0.6273359020551046,0.6861767808596293,0.5625814199533121,0.6385560583327822,0.753096858689298,0.5547268870535585,0.6272403060072377
temperature_0.8,0.8888888888888888,0.5705784221163785,0.2854573098554402,0.2576165083920498,0.6558384263154232,0.7014996048175928,0.7023117040016459,0.6258897201404684,0.7135661638209995,0.6963994675440859,0.6845417638767998
temperature_0.8,1.0,0.567241357790154,0.2848429212058696,0.258213201989248,0.6513913622346975,0.6930779059559612,0.6938866239040498,0.6257684128314268,0.7251608608321716,0.667792675230522,0.6781521431995425
temperature_0.6,0.5555555555555556,0.5366969063620791,0.2623975344654766,0.2359968349713243,0.6475295019805978,0.7151104233680515,0.7504947660704019,0.6126104134680066,0.7374368603244643,0.7206181678835069,0.705290051936595
temperature_0.6,0.5714285714285714,0.4770974900998566,0.2358103774878872,0.2313138904603401,0.6424765884876251,0.7052092850208282,0.7215448186888351,0.6221102640298983,0.7612692674310848,0.6036418181177049,0.6771415420668807
temperature_0.6,0.625,0.5239725935977899,0.2602636301805262,0.2362697024605348,0.649562445282936,0.719891357421875,0.6610547085933177,0.6489253370802058,0.7440423393583392,0.5888460857638129,0.6607171176989188
temperature_0.6,0.6666666666666666,0.5406846371071676,0.2658363226210402,0.2356445654145789,0.6407882972197099,0.717675565589558,0.7162139132581584,0.6259127453518617,0.7466374176549753,0.6948546224464259,0.6959046746778554
temperature_0.6,0.7142857142857143,0.5955124317768344,0.25986642380085,0.2243784111582777,0.6495764851570129,0.5643513202667236,0.8953696436727463,0.5951874568081906,0.8065007671938116,0.8884021209710482,0.7963649971614493
temperature_0.6,0.75,0.5526593941905628,0.2786249133121313,0.2465029777749904,0.650424973322795,0.7175627121558557,0.6698213401640949,0.6308489205507423,0.7284398522480792,0.6553383392617739,0.6711121130561726
temperature_0.6,0.7777777777777778,0.5500773477246029,0.2735714065920646,0.2479448225829091,0.647880072593689,0.694718462228775,0.6782431346979791,0.6010200036403993,0.7291352438621956,0.6474152957787277,0.6639534194948254
temperature_0.6,0.875,0.571011609130816,0.2743952002081037,0.2480055124332633,0.6364451845486959,0.6913529713948567,0.7159908662161907,0.6034011280984345,0.7536618731889235,0.6935457730785217,0.6916499101455177
temperature_0.6,0.8888888888888888,0.5744348589060645,0.2893112440081157,0.2579915685215954,0.6555018226305643,0.6893746148456227,0.7851894947890815,0.6268634756151247,0.7325823798766746,0.7558217741392604,0.7251142811050353
temperature_0.6,1.0,0.5684448342983786,0.2850280521981971,0.2558454323015582,0.6516062746108588,0.6842426815527981,0.7188823346718959,0.6226164807784682,0.7217725381445002,0.6927112477490921,0.688995650335989
mixed,0.5555555555555556,0.5454803056385712,0.2603536974816527,0.2248558966209361,0.6411450893507091,0.6921723446714769,0.7694622598857197,0.5936771701211431,0.7352443227667413,0.7416156221782028,0.7099998437379517
mixed,0.5714285714285714,0.4242560968526216,0.1903793438118929,0.1923120327267597,0.6289232075214386,0.683895617723465,0.6927927908325137,0.6425176595640895,0.770572201033192,0.5782051055547531,0.6710219392461371
mixed,0.625,0.5595400439382189,0.2723658513197986,0.2357220102437877,0.6416237562894821,0.7196339577436447,0.7617463441705571,0.6226161943671622,0.7117670283188224,0.7596958012135487,0.7139563420175226
mixed,0.6666666666666666,0.5732048539739413,0.274662266758419,0.2348956458944298,0.6393012176860463,0.7019682819193059,0.7631904619667236,0.6127229333444512,0.7105386037358788,0.7418038610701847,0.7070639650293097
mixed,0.7142857142857143,0.5774735532047293,0.2554517133956386,0.20784069695084,0.6526070237159729,0.5833221673965454,0.7790918244915995,0.5039871265853735,0.6482979635081504,0.7516585610467827,0.6707588689079765
mixed,0.75,0.5488832261613732,0.2708993821095534,0.2380096123345039,0.6463516721358666,0.7209565226848309,0.5879297730525157,0.6276366677864911,0.7263520948640855,0.5807364058136478,0.6306637353791851
mixed,0.7777777777777778,0.5506926678680929,0.2720441328298294,0.2360250502610484,0.6457464838027954,0.6856768178939819,0.740580879493018,0.5980067566741433,0.7192289715551179,0.7230884140061893,0.6952262554321171
mixed,0.875,0.5876228002180904,0.2799973632135683,0.2438374444796581,0.6396857062975566,0.6774312893549601,0.7241433837883243,0.5869286249396912,0.759846612218118,0.7148105495964132,0.6964322926356367
mixed,0.8888888888888888,0.5867076944619146,0.2944045274933822,0.2525362481792013,0.6485617540099404,0.694307778820847,0.7006325642073493,0.6118173810026913,0.7143140766488665,0.6921175400628969,0.679720390480451
mixed,1.0,0.5811518904723195,0.28937036261627,0.2495268990733745,0.6476413011550903,0.6832101654450772,0.7263422214596661,0.613776033285085,0.7023367364210783,0.708274762696827,0.6876824384656641
all,0.5555555555555556,0.5489923343808663,0.2683178720756872,0.2382705089623384,0.6481006271248564,0.5267503422881485,0.7278742384661739,0.6005765976358894,0.7345914155019504,0.7069002244550656,0.6924856190147698
all,0.5714285714285714,0.5230649306676316,0.2519507113767161,0.2255763744385087,0.6329576075077057,0.4764453023672104,0.8912927874566317,0.5786038179380905,0.7645512459064778,0.8631869327082653,0.7744086960023664
all,0.625,0.5529308903956973,0.2648940888120107,0.2439135587567675,0.6421231985092163,0.5474667340517044,0.7430380753963455,0.6564088169226845,0.7439163590334495,0.714224035558324,0.7143968217277009
all,0.6666666666666666,0.5506818128292429,0.2667623615008508,0.2421310068408242,0.641269524530931,0.5166411676190116,0.7186405513752244,0.6217101413767012,0.7422842866081596,0.6845073415305051,0.6917855802226476
all,0.7142857142857143,0.6164215686274509,0.2785276073619632,0.2438725490196078,0.639764666557312,0.2924005091190338,0.8815078650663902,0.5331120130890223,0.8145068435081716,0.8648571902985877,0.7734959779905429
all,0.75,0.5523282986028704,0.274467876730176,0.2582711293950081,0.65044072499642,0.5460483580827713,0.6335764684957103,0.6118953735924694,0.7178215311412776,0.5821862092484318,0.6363698956194722
all,0.7777777777777778,0.5463293501415013,0.2725658199507182,0.2466966279838194,0.6494393491744995,0.523436291217804,0.6662731494121449,0.6052616947316913,0.7215777838758491,0.6372355310094728,0.6575870397572896
all,0.875,0.5895755464318206,0.283773392501834,0.2523467443020272,0.6414932370185852,0.5183292746543884,0.7624023590666976,0.612356099822861,0.7733918550826668,0.7501819163738971,0.7245830575865306
all,0.8888888888888888,0.5765599256927825,0.2903376640178556,0.2652159931262253,0.6551420634443109,0.5007909951788007,0.6656985477931973,0.6116627954526415,0.7107236177809091,0.6588087298455099,0.6617234227180644
all,1.0,0.5649606267560628,0.2847016501911892,0.2574566990650712,0.6524058474322497,0.5028060739702087,0.6914401461482749,0.6295863481138801,0.7237811347877708,0.6653021266376923,0.6775274389219046
conservative,0.5555555555555556,0.525600946765353,0.2554054180407051,0.2242910365363257,0.6432304847131082,0.6888417027412205,0.7158216048757844,0.5914448107552847,0.7294465719867739,0.701410260390924,0.6845308120021917
conservative,0.5714285714285714,0.5245594479008391,0.2313600378116507,0.2076457712675175,0.6528535187244415,0.7455494105815887,0.8439423701621315,0.6267756030213403,0.7204476030080206,0.8374422011024747,0.7571519443234918
conservative,0.625,0.5135846131580493,0.247332929911253,0.222232016656688,0.6380204200744629,0.707614877820015,0.6912761140260987,0.6370551387129411,0.7382257239195045,0.6477875970824439,0.678586143435247
conservative,0.6666666666666666,0.526219678869699,0.251226959145969,0.2221509561717207,0.6373966119506143,0.7080718712373213,0.7080281642116769,0.622566265371225,0.729372922893557,0.6723588681511594,0.6830815551569046
conservative,0.7142857142857143,0.6040268456375839,0.2675626145387905,0.223306894447834,0.6327564716339111,0.6573618054389954,0.8861317358331016,0.5987515602168483,0.6753761956657887,0.8593319853944328,0.7548978692775428
conservative,0.75,0.5349350165991734,0.2609766235757231,0.2316898748697498,0.6409917657191937,0.7001606615690085,0.680302092548009,0.6097965927499138,0.7185230649943105,0.6597014769070372,0.6670808067998176
conservative,0.7777777777777778,0.5292184721819337,0.2578496973516181,0.2301586962565699,0.6430250787734986,0.6839513647556305,0.7090643837431057,0.596455973317018,0.7215624173062406,0.6808270126623155,0.6769774467571699
conservative,0.875,0.5417562306776822,0.2584602955084901,0.2341739852111706,0.6425713221232097,0.6964009881019593,0.7834465562443038,0.6382773921841098,0.7803066349544033,0.7879624431406602,0.7474982566308693
conservative,0.8888888888888888,0.5358994462559897,0.2654750085329261,0.2355588307746161,0.647138516108195,0.6785753080339143,0.6185710770293906,0.6265077730906479,0.7186028764329199,0.5507133059093869,0.6285987581155863
conservative,1.0,0.5546715387078005,0.2755046935513104,0.2436165387655784,0.6443863255997836,0.6744862330161919,0.6381954144403469,0.6168835115702757,0.7218648112045774,0.6057927426157579,0.6456841199577394
mixed_liberal_75,0.5555555555555556,0.5374435170495525,0.2555515064705987,0.222915231926709,0.6421871726666022,0.7001076466446623,0.7021599285374834,0.6105098230571607,0.7227921253962055,0.67844011678875,0.6784754984448998
mixed_liberal_75,0.5714285714285714,0.4910968248515483,0.2249753401253523,0.2210541296559846,0.6510791778564453,0.6312240064144135,0.8097118113823132,0.5767187368953055,0.7661614541324626,0.7677949958801299,0.7300967495725528
mixed_liberal_75,0.625,0.5631006862783348,0.2751341175697946,0.2365648227398951,0.6425868093967437,0.7038001418113708,0.6208074449845663,0.6335540031943692,0.7312085471588329,0.5913915349831328,0.6442403825802253
mixed_liberal_75,0.6666666666666666,0.5658410837872166,0.2703926560888451,0.231546016421291,0.6377410433509133,0.6886758945204995,0.7046247529446106,0.6031436709433945,0.7104155465188448,0.6752512898737603,0.6733588150701525
mixed_liberal_75,0.7142857142857143,0.5171874999999999,0.2441314553990611,0.25625,0.6417546272277832,0.6388413906097412,0.1034840877109578,0.6011992541553944,0.6882062534815581,0.0930862802954192,0.3714939689108324
mixed_liberal_75,0.75,0.5499394763034048,0.2645665079459893,0.2285391922297259,0.6413399049868951,0.6969089599756094,0.7077922865055043,0.6175012233755843,0.6966968767199583,0.6941211959894266,0.6790278956476183
mixed_liberal_75,0.7777777777777778,0.5610228936644269,0.274443909874815,0.2382367574249611,0.6456277084350586,0.6814034855365754,0.7314457529628275,0.6050767106836237,0.703832042737082,0.7281883315559348,0.692135709484867
mixed_liberal_75,0.875,0.5487767140394388,0.254489010868171,0.2218541758314768,0.6273995161056518,0.6664546807607015,0.6889027880606531,0.6203595766349685,0.7554395737887104,0.6578330161488677,0.6806337386582999
mixed_liberal_75,0.8888888888888888,0.5702486350003027,0.2832340311519151,0.2425633106480145,0.6439452044891588,0.6933036609129473,0.6702122083692009,0.6374192969497378,0.6947409105968221,0.6583009909027648,0.6651683517046313
mixed_liberal_75,1.0,0.5785202951078898,0.2868334279663445,0.2463294657605653,0.6451723035109245,0.6800392914121434,0.6798212293156124,0.6288162533258107,0.6923964616864525,0.663988305252231,0.6662555623950267
top_p_0.4,0.5555555555555556,0.5347180517777624,0.2638674873927943,0.2378020534369169,0.6492675307693831,0.7073055981496058,0.7137730690497048,0.6060792685619633,0.7344675754260207,0.6925986491206991,0.686729640539597
top_p_0.4,0.5714285714285714,0.4492420866628087,0.2059996529463831,0.1972554219618226,0.6383966207504272,0.7414792478084564,0.9036451523791086,0.6643468101995018,0.8123090626590472,0.8344658545686859,0.8036917199515858
top_p_0.4,0.625,0.5536209502618078,0.2734968963263785,0.2407460556288809,0.6463166445493698,0.7322149187326431,0.6798375624169049,0.6385046210447113,0.7574314013880019,0.6204849904004286,0.6740646438125116
top_p_0.4,0.6666666666666666,0.5369417393913936,0.26301984208622,0.2375486096943182,0.6401585264639421,0.704563190720298,0.7502668720584126,0.617555638692072,0.7394284991305601,0.7063815743195113,0.703408146050139
top_p_0.4,0.7142857142857143,0.5849172286940527,0.2565991405770412,0.2158185162477008,0.6693311333656311,0.6506648063659668,0.9268465337119224,0.5548061075575819,0.7610416505569189,0.9076923887321108,0.7875966701396335
top_p_0.4,0.75,0.5312868543704878,0.2686055145466967,0.2460183686574061,0.6463596797906436,0.721685705276636,0.6414452411912431,0.635015367018782,0.7339631017901763,0.5758730784251138,0.6465741971063288
top_p_0.4,0.7777777777777778,0.5419792767487038,0.266572703538754,0.2409976049455441,0.6470995867252349,0.6952679973840713,0.6990666968369161,0.5984580391768654,0.746414791865343,0.6859125395883662,0.6824630168668727
top_p_0.4,0.875,0.5531602107487456,0.2714498156942581,0.2465203691688955,0.6406013329823812,0.6977109829584758,0.6662031182213146,0.6391438578452706,0.7696537848601288,0.6267758969528263,0.6754441644698851
top_p_0.4,0.8888888888888888,0.5632027140365716,0.2868926286852296,0.26537560190733,0.6575119206399629,0.7103929989265673,0.6882117337660543,0.6154249054495586,0.7051514933997636,0.6224574228140849,0.6578113888573653
top_p_0.4,1.0,0.5571056204703824,0.2782788804581843,0.2506058022795306,0.650310059472666,0.690611780700037,0.6960557755362953,0.625302252544842,0.7295199611895007,0.6495616006081814,0.6751098974697048
top_p_0.7,0.5555555555555556,0.5482341875501401,0.2673011202250235,0.2403372657453474,0.6483378426744304,0.7146100593269418,0.7344212078252101,0.5988709805175043,0.7419727230919754,0.7054871913446582,0.6951880256948371
top_p_0.7,0.5714285714285714,0.444672626338195,0.1927381805157593,0.1846233357388292,0.6561204791069031,0.7078612148761749,0.8625531970338713,0.7034894681165458,0.8271295986603211,0.8357405113121459,0.8072281937807211
top_p_0.7,0.625,0.5314994820819521,0.259622696325578,0.2417557623310255,0.6450057119131088,0.7520822584629059,0.7642760669487689,0.6451337736945173,0.7834756901599169,0.6980570496365599,0.7227356451099408
top_p_0.7,0.6666666666666666,0.5547784699717098,0.2737949773288816,0.2409426408749592,0.6439917130903764,0.7054379788312045,0.6877492424998691,0.6081529365379986,0.7444592207398295,0.6709028944958526,0.6778160735683875
top_p_0.7,0.7142857142857143,0.5601458080194411,0.2347931873479319,0.2029161603888213,0.642853319644928,0.604870080947876,0.885208752533942,0.5405158763315385,0.7117688937920806,0.8602883264167787,0.749445462268585
top_p_0.7,0.75,0.5381595531315744,0.2662229390686605,0.248944939545173,0.6501835630490229,0.7145799467196832,0.66656311251404,0.6238922884023251,0.7021225387068084,0.6631254769553336,0.6639258541446268
top_p_0.7,0.7777777777777778,0.5555528774891882,0.2739738728185259,0.244455865480168,0.6495991933345795,0.705205249786377,0.7080587696565314,0.6053791326261888,0.726992355832274,0.6748019343023516,0.6788080481043365
top_p_0.7,0.875,0.5742164324272728,0.2827604970470618,0.2442135789023908,0.6397443731625875,0.6929932753245036,0.6818893028805892,0.6005126332493282,0.7766791640688715,0.6534297865754247,0.6781277216935534
top_p_0.7,0.8888888888888888,0.5712914670767167,0.2853315139670931,0.2575230500595599,0.6521494876254689,0.7007760965462887,0.6755355046002444,0.6078027055517768,0.7197581253826202,0.6333911983124302,0.6591218834617678
top_p_0.7,1.0,0.5709943779442456,0.288100144537215,0.2585412282189218,0.6527071239079459,0.6895911355139845,0.6864651051676609,0.623397828742507,0.7280741878633875,0.6575915432426712,0.6738821662540567
top_p_0.6,0.5555555555555556,0.5468334944165318,0.2688453399477317,0.2362949600500331,0.646602031287797,0.7201488368008115,0.7206398420277705,0.6054364223689419,0.7400404879361607,0.7066765534831738,0.6931983264540118
top_p_0.6,0.5714285714285714,0.3866471866095237,0.2006189528616676,0.210734757284733,0.6348603367805481,0.6888779997825623,0.4856525723821855,0.6463321477315267,0.8064526286273954,0.4496202969197336,0.5970144114152104
top_p_0.6,0.625,0.552183086096113,0.2729743397658559,0.2364529608136091,0.6446239799261093,0.7330815583467484,0.6836148414124523,0.6335557465176106,0.7569681313714859,0.6433681974758618,0.6793767291943527
top_p_0.6,0.6666666666666666,0.5464590765061363,0.2688257151068752,0.2413975379700551,0.6432522990486839,0.6940130336718126,0.6737709045952229,0.6042948865927811,0.7493595963350144,0.6420256099865269,0.6673627493773863
top_p_0.6,0.7142857142857143,0.5777233782129744,0.2475490196078431,0.2093023255813953,0.6450269818305969,0.6247749924659729,0.9014515131827004,0.6257977453127783,0.7473996448993474,0.8772872039158488,0.7879840268276688
top_p_0.6,0.75,0.5448153092486726,0.272243269039548,0.2469531139646565,0.6468028540794666,0.7125103863386008,0.6782885732324809,0.6201302792094038,0.6976099250388785,0.6491431280038543,0.6612929763711544
top_p_0.6,0.7777777777777778,0.5481417128805215,0.2714954162205918,0.2447197880673443,0.6465502262115479,0.683900500535965,0.7137319140989031,0.592475868978465,0.7445023309712576,0.6768839419567751,0.6818985140013503
top_p_0.6,0.875,0.5641874206998886,0.280871801623601,0.2474313139513715,0.6458117604255676,0.6815284570058187,0.6262493744885822,0.6421011023328195,0.7721383801437021,0.6111957463519931,0.6629211508292742
top_p_0.6,0.8888888888888888,0.5737641389065287,0.2882512293784886,0.2610867436230486,0.6533653501308325,0.7083917440790118,0.6754139814819059,0.607430047290912,0.7379173609595593,0.6668210543081898,0.6718956110101417
top_p_0.6,1.0,0.5667420389956972,0.2846176682789619,0.2561565890107143,0.6529704271736791,0.6946932660826182,0.686695013517094,0.6238900869151549,0.73588967318083,0.655147081316535,0.6754054637324035
top_p_0.1,0.5555555555555556,0.5385293104334133,0.2661154623894287,0.2371071979451146,0.6465229873263508,0.7116319132507394,0.6961601554409605,0.6024996910896917,0.7352476524010384,0.6695665808297976,0.675868519940372
top_p_0.1,0.5714285714285714,0.4619673917548387,0.2139376556871073,0.204135822873484,0.640552818775177,0.7086467444896698,0.8693408853731726,0.6955689406277356,0.8299884125379038,0.799769120959853,0.7986668398746664
top_p_0.1,0.625,0.5579715876718347,0.272481542940555,0.2433492358101542,0.6414269149303437,0.7217308819293976,0.7319021792506666,0.6333131325296444,0.7456627543146649,0.7168673816472629,0.7069363619355596
top_p_0.1,0.6666666666666666,0.5502191308862621,0.2691568525915846,0.2441872623051366,0.642568867856806,0.7109787074002353,0.7630097654792727,0.6093063074579714,0.7505842979045404,0.7278620904219101,0.7126906153159236
top_p_0.1,0.7142857142857143,0.5895249695493301,0.2560975609756098,0.2289890377588306,0.670103907585144,0.6827659010887146,0.926059680595921,0.499873144077231,0.7275953667542386,0.9084740760955616,0.765500566880738
top_p_0.1,0.75,0.5263054009716576,0.2624425117993099,0.2442723852756735,0.6474774754964389,0.7292914551038009,0.6792730017938601,0.6156810436728877,0.7223538641333025,0.6081926525552404,0.6563751405388227
top_p_0.1,0.7777777777777778,0.5588353074787471,0.2751450257281375,0.246856782693289,0.6474723589420318,0.6925299060344696,0.7359570897308169,0.5947270798456998,0.7389786835915468,0.6959926967014147,0.6914138874673695
top_p_0.1,0.875,0.5811171247582391,0.2845526181783454,0.2463305965196788,0.6425416866938273,0.688687018553416,0.7155393531811597,0.6058894384511003,0.7584274835125346,0.6716926776961603,0.6878872382102388
top_p_0.1,0.8888888888888888,0.5730142385867328,0.2846725613803134,0.2622665313767099,0.6533899126630841,0.6938192699894761,0.7040069600306916,0.6094199789527348,0.7181156302346197,0.679558528371577,0.6777752743974058
top_p_0.1,1.0,0.557069519661872,0.2781403873635455,0.2517605440401315,0.6508409125825106,0.6910202378186129,0.6535113310213859,0.6276796455012859,0.7264465572484249,0.6216343872171638,0.6573179802470651
top_p_0.3,0.5555555555555556,0.541269668767257,0.2681842020980325,0.2387738480393295,0.6471902307020415,0.7054716386926283,0.7037771800309717,0.6023411029640446,0.7314755145921189,0.6798058562117948,0.6793499134497325
top_p_0.3,0.5714285714285714,0.4639328958944784,0.2185274278465775,0.2058813197781392,0.640552818775177,0.7020067274570465,0.8693408853731726,0.6961772147993157,0.8341242859880207,0.799769120959853,0.7998528767800905
top_p_0.3,0.625,0.5476029682848178,0.2708439092367966,0.242614215424443,0.6431859850883483,0.7233477056026458,0.7201216442580585,0.6342303126322372,0.7308179386012907,0.6824876844964282,0.6919143949970037
top_p_0.3,0.6666666666666666,0.5503121323178144,0.2672011159367564,0.2407985067654977,0.6418974540450356,0.7147757215933366,0.7742779366307823,0.6105098488303443,0.7387346732824563,0.7410016182863889,0.7161310192574929
top_p_0.3,0.7142857142857143,0.6201358863495985,0.2795299938157081,0.2557134033353922,0.670103907585144,0.6998025178909302,0.9198757572573232,0.5305627280045765,0.7023924992926511,0.8969097479384976,0.7624351831232621
top_p_0.3,0.75,0.5256196229109125,0.2610336428341553,0.2428588160358955,0.6479471211250012,0.7211925937579229,0.6422382642186696,0.6127398056071806,0.7324600252731656,0.5677636757405776,0.6388004427098982
top_p_0.3,0.7777777777777778,0.56380065691507,0.2752119098738258,0.2427900793269573,0.6464585065841675,0.6948698198795319,0.7683629257887163,0.57992691759962,0.7323537828719816,0.7437850559138508,0.7061071705435421
top_p_0.3,0.875,0.5678156888230358,0.2806652184047203,0.2508621517668932,0.6412018100420634,0.6912974556287129,0.694956684070578,0.6297389418900502,0.7564528596241996,0.6911567147374479,0.693076300080569
top_p_0.3,0.8888888888888888,0.577695429392929,0.2948191120019104,0.2653023387876679,0.6553415565779714,0.704810026920203,0.7145629010752204,0.6165237121394087,0.7147904495710347,0.7010244462420827,0.6867253772569365
top_p_0.3,1.0,0.5590427060464324,0.2800635533811531,0.2541819913773236,0.6502540813664258,0.689102902503337,0.6661510772854315,0.6268393345519517,0.7296817825053156,0.634706822585544,0.6643447542320606
top_p_0.5,0.5555555555555556,0.5463421528673004,0.2636484803373227,0.2371544050550727,0.6479195558696712,0.7088965155662746,0.723759085415686,0.6025263082320459,0.7330570975207711,0.7075903302847244,0.6917332053633068
top_p_0.5,0.5714285714285714,0.410311762603783,0.2174859517949193,0.2209167803395307,0.6326773762702942,0.6822799742221832,0.4885082990914055,0.642313675541559,0.7354809548525578,0.4567095639712714,0.5807531233641985
top_p_0.5,0.625,0.5459337678139939,0.2671946879179495,0.238433690211297,0.6472553730010986,0.7200836598873138,0.7039778640343586,0.6376412952466461,0.747327645731374,0.6561345158340692,0.686270330211612
top_p_0.5,0.6666666666666666,0.5495900772807002,0.27050797133702,0.2385083792800462,0.6454785758798772,0.7060109815814278,0.7053542197940847,0.6120151273696746,0.7513932581546149,0.6816124569919771,0.6875937655775879
top_p_0.5,0.7142857142857143,0.5733512786002691,0.2547169811320754,0.2220726783310901,0.6448996663093567,0.6921889185905457,0.4353223102629247,0.6449299668960816,0.7580381625747842,0.3513794673535269,0.5474174767718294
top_p_0.5,0.75,0.5352497097786727,0.266455661648503,0.2428079594677148,0.6463231994555547,0.7196813936416919,0.6319959614563638,0.6328934544226936,0.7280510318268049,0.5751406946504798,0.6420202855890855
top_p_0.5,0.7777777777777778,0.5469933054827915,0.2703440017857316,0.2417653377664495,0.6473334348201751,0.6904554510116577,0.6785633321735296,0.5959962732012158,0.734430336798333,0.6579503471556397,0.6667350723321794
top_p_0.5,0.875,0.5719788507102532,0.2798559150570421,0.2594462371594037,0.6378485083580017,0.6929945786794026,0.7925673607374607,0.6210832680782767,0.7712841191905917,0.7888248594532042,0.7434399018648834
top_p_0.5,0.8888888888888888,0.5567518095299007,0.2773623764360254,0.2563514957737107,0.6525506575902303,0.6930520101027056,0.6801279487439642,0.6191506785473933,0.7111643027736587,0.6599465742194871,0.6675973760711258
top_p_0.5,1.0,0.5564262613793725,0.279398769185918,0.2519758100403337,0.6508760891728482,0.69363313256684,0.6837024133738098,0.6301034923157328,0.7281591913753505,0.6496034746738392,0.672892142934683
top_p_0.9,0.5555555555555556,0.5409059442546361,0.264625036272867,0.2372216572600559,0.6485782107081982,0.7092545245765546,0.7053333364307023,0.6003022312820896,0.7392002271606838,0.7057459298106591,0.6876454311710337
top_p_0.9,0.5714285714285714,0.3597164333351053,0.1736872521651671,0.18705407267706,0.6383047699928284,0.733839601278305,0.7001542083500161,0.7020572115311865,0.8285179783977064,0.4977021284198542,0.6821078816746908
top_p_0.9,0.625,0.5438059823978973,0.2705484665957431,0.2395929821425523,0.6476251184940338,0.7401075899600983,0.6878541197209778,0.6545999169497674,0.7593929676469922,0.671406154262604,0.6933132896450853
top_p_0.9,0.6666666666666666,0.5592357955853485,0.2706486017584941,0.2426804265678765,0.6432171323082664,0.7075600060549649,0.7422754494275654,0.6064718215417652,0.7384110012222419,0.7149206414577978,0.7005197284123426
top_p_0.9,0.7142857142857143,0.5974185617701291,0.2633846153846154,0.2286416717885679,0.6626729369163513,0.6347331404685974,0.878877948406963,0.6182710193444384,0.7176750430938817,0.8758351674762124,0.7726647945803738
top_p_0.9,0.75,0.5556020754235419,0.2826434354357025,0.2513837975693748,0.6552291581263909,0.7256797391634721,0.727705403769735,0.6004482339340099,0.7241857838907666,0.677275143865194,0.6824036413649264
top_p_0.9,0.7777777777777778,0.5537019805806299,0.2748996826419204,0.2474246503263502,0.647825129032135,0.6966206800937652,0.6842190723644325,0.6032725362103075,0.7321638344853584,0.6457270117524595,0.6663456137031395
top_p_0.9,0.875,0.5807780780380531,0.2836328558626288,0.2648883187200923,0.6404599626859029,0.68586399157842,0.7131349765876817,0.6315945330857862,0.7350465682210666,0.686839356596979,0.6916538586228783
top_p_0.9,0.8888888888888888,0.5703846904905087,0.2829659422260704,0.2554473471910089,0.6551874063231728,0.7155512155908527,0.7791504134145868,0.6044241668624175,0.7352914199219728,0.7666566728075082,0.7213806682516213
top_p_0.9,1.0,0.5589974159584159,0.2784491117058181,0.2526920671380516,0.6511625104536445,0.6909496675608522,0.7047166020352422,0.6308924021665577,0.7201640208374483,0.667715589383908,0.680872153605789
top_p_0.8,0.5555555555555556,0.5414522336295545,0.2649140585470423,0.2374251927625022,0.6473574523532063,0.7118483393564137,0.7157285323035074,0.6029433276431394,0.7330760669005247,0.6811175209028133,0.6832163619374961
top_p_0.8,0.5714285714285714,0.3272127792920116,0.1607968160235699,0.1735858738811494,0.6280407607555389,0.6962825357913971,0.550758442518816,0.693453678077274,0.8728616201392225,0.4243672940551067,0.6353602586976048
top_p_0.8,0.625,0.5446429489002307,0.2674214377292897,0.2427004161153856,0.6452197641134262,0.7389732390642166,0.7315064512446969,0.661092971498299,0.7661633947232542,0.6864532552616127,0.7113040181819656
top_p_0.8,0.6666666666666666,0.5584395925475492,0.2693222805538208,0.2381333032003654,0.63931344314055,0.7177158865061674,0.7211039392084465,0.6035602052984061,0.7244771394237272,0.6991197623620349,0.6870652615731537
top_p_0.8,0.7142857142857143,0.5753424657534247,0.2331670822942643,0.2092154420921544,0.6534655690193176,0.6727246642112732,0.8734986333479783,0.5584724643630936,0.7294528403196542,0.8435918785579641,0.7512539541471726
top_p_0.8,0.75,0.5584746071273577,0.273150204088795,0.2522277030652279,0.6474577922087449,0.7058499294977921,0.6930262051989378,0.6045187374821729,0.7234722619958271,0.6300088649119076,0.6627565173972113
top_p_0.8,0.7777777777777778,0.5530742151672363,0.276025656827861,0.2499340219091714,0.6480268037319183,0.702872371673584,0.6841474770643781,0.5863296982315012,0.7392147636863368,0.6628650452350868,0.6681392460543257
top_p_0.8,0.875,0.5489228578186088,0.2617375193151001,0.2408132232400169,0.6339539686838785,0.6929754932721456,0.5849622058258552,0.6042319928999957,0.7626909622332275,0.5557451976676262,0.6269075896566761
top_p_0.8,0.8888888888888888,0.5513290284295633,0.2823159088666261,0.2654144565874092,0.651150208531004,0.6920143347797971,0.644182970041959,0.6315130822932121,0.7263686402098992,0.6279473039573943,0.6575029991256162
top_p_0.8,1.0,0.568346516101759,0.2834430069590825,0.2548680966743729,0.652208168122728,0.6888068457276134,0.6808165359230898,0.6206001117950369,0.7230673501721028,0.6625856737506038,0.6717674179102082
top_p_0.2,0.5555555555555556,0.5440615503316923,0.2673664451368882,0.2390075706370476,0.6467540477393964,0.7104740487326175,0.7150356897282509,0.6018338113126468,0.7332964337661801,0.6858479327167004,0.6840034668809446
top_p_0.2,0.5714285714285714,0.4619673917548387,0.2139376556871073,0.204135822873484,0.640552818775177,0.7086467444896698,0.8693408853731726,0.6955689406277356,0.8299884125379038,0.799769120959853,0.7986668398746664
top_p_0.2,0.625,0.5570284295748644,0.2748669212780917,0.2434107090567589,0.6414269149303437,0.7258291929960251,0.7587081150017856,0.6324387872901123,0.760640412894366,0.7419380987597164,0.7234313534864951
top_p_0.2,0.6666666666666666,0.5561060119382253,0.2707274119288117,0.2440773548425142,0.6425974802537398,0.7120312408967452,0.7575662280790513,0.6066062731342212,0.7460625852841557,0.7264092510166748,0.7091610843785258
top_p_0.2,0.7142857142857143,0.5895249695493301,0.2560975609756098,0.2289890377588306,0.670103907585144,0.6827659010887146,0.926059680595921,0.499873144077231,0.7275953667542386,0.9084740760955616,0.765500566880738
top_p_0.2,0.75,0.5318491917260568,0.2655238275528598,0.2443331657918393,0.6474774754964389,0.7297381965013651,0.7204368361515319,0.6168524956497639,0.7237488348406631,0.6526576512172129,0.6784239544647929
top_p_0.2,0.7777777777777778,0.564551172471864,0.275578202373009,0.2464713914449095,0.6477279090881347,0.6927480614185333,0.7554812605974434,0.5913017684089523,0.7423840148673154,0.7249662135546718,0.7035333143570958
top_p_0.2,0.875,0.5810949840379951,0.2845403516163534,0.2462520750230442,0.6425416866938273,0.6882822354634602,0.7155393531811597,0.6058159527601253,0.758296394493664,0.6716926776961603,0.6878360945327773
top_p_0.2,0.8888888888888888,0.5728359345420102,0.2828140252267797,0.2620940499458914,0.6538928566556989,0.6922612136060541,0.7103134207350236,0.6098845409549937,0.7171710391755991,0.6921045457831568,0.6823683866621932
top_p_0.2,1.0,0.5560513772499418,0.2773104504542318,0.2519208259144696,0.6507485625097307,0.6894294969358686,0.6526104888244829,0.6273505489599774,0.7270876530319839,0.6162605004393982,0.6558272978139607
LongT5_BASE,0.5555555555555556,0.4854222120070243,0.2046940020286531,0.1861175610391915,0.6005803516151709,0.6416240285295959,0.2272997898491904,0.5358242709045069,0.7018930652863808,0.242124038539395,0.4267852911448683
LongT5_BASE,0.5714285714285714,0.3946576636378993,0.1932555045915301,0.2109154586096221,0.5843254923820496,0.6791451573371887,0.0821968773644047,0.51195435258248,0.5207694739587384,0.0949367503797576,0.3024643635713452
LongT5_BASE,0.625,0.4886629025711319,0.1983825197036363,0.1871594472830904,0.6027057111263275,0.6600948959589005,0.2559683326726144,0.5678519121566566,0.7120609090575645,0.2823415428342531,0.4545556741802722
LongT5_BASE,0.6666666666666666,0.4929225971407261,0.2099893568082329,0.1930954650811065,0.5988783858039163,0.6872574486515739,0.2383771179113274,0.5594505370077806,0.6974531625192377,0.2455130811001017,0.4351984746346118
LongT5_BASE,0.7142857142857143,0.5770750988142294,0.237467018469657,0.217391304347826,0.6291175484657288,0.5789662599563599,0.0405492595761864,0.5056273058421635,0.5853365998211756,0.0437773921999769,0.2938226393598756
LongT5_BASE,0.75,0.4952583697578996,0.2003984916963878,0.1871798087803024,0.604865530362496,0.6484110756562307,0.285418456856222,0.5691433298491873,0.7600886734183135,0.2966967417239117,0.4778368004619086
LongT5_BASE,0.7777777777777778,0.486239916959326,0.2057143261411845,0.1918059074094562,0.5940002000331879,0.6440660786628724,0.2709234630895802,0.5465360797617886,0.7122074330730697,0.2872678232204373,0.4542336997862189
LongT5_BASE,0.875,0.4966090817022059,0.2113239566148609,0.1951512011580587,0.5966369032859802,0.6207254568735758,0.2556285056840694,0.5736606265707649,0.7031133454639336,0.2811328272584366,0.4533838262443011
LongT5_BASE,0.8888888888888888,0.5100419461076127,0.2075968592197198,0.1921278633842573,0.606871923713973,0.6303639917662649,0.2831016560551349,0.5554057683384627,0.717921765652486,0.3007806622736874,0.4643024630799427
LongT5_BASE,1.0,0.511096718233958,0.2233876422051047,0.2017321679719123,0.6091971412553625,0.6475096173205618,0.2202648772791462,0.5630375282474052,0.685554218951091,0.2362064047453551,0.4262657573057494
