Folder Name,decisionDirection,rouge1,rouge2,rougeL,bert_f1,align_score,unieval_coherence,unieval_consistency,unieval_fluency,unieval_relevance,unieval_overall
SLED,1.0,0.2881911282737702,0.1317171105426093,0.1493033586020747,0.6152169547463191,0.6051161299452527,0.3252915840629001,0.5806459555834281,0.5957881925856291,0.3561893651550511,0.4644787743467521
SLED,2.0,0.2800301687957089,0.1281068932376469,0.1446525430202634,0.6110136446199919,0.5934924882754945,0.2927413773723101,0.5738370837954399,0.5927041512412905,0.3283792957778559,0.4469154770467241
top_k_500,1.0,0.5674494043942535,0.2785163985570721,0.2491534601760991,0.6505485329464191,0.6946306342387017,0.7099304260926311,0.6114504463988368,0.7290546329566894,0.6923237818674227,0.685689821828895
top_k_500,2.0,0.5587458285115996,0.2750518206087975,0.2459302747167645,0.6460640834088911,0.6975057585197583,0.7187081187592322,0.6115815377255779,0.7331532341272367,0.6911238243627978,0.6886416787437111
top_k_100,1.0,0.5613018319134477,0.2784775011462054,0.250173058430717,0.6501804089728203,0.7025190475787825,0.7007518219433673,0.6174457819028006,0.732770034551625,0.6768921667348934,0.6819649512831716
top_k_100,2.0,0.5611426637310502,0.2785756164590352,0.2490333881268417,0.6492862274772242,0.6954263944374888,0.699219609839774,0.604736995629163,0.7240364806264729,0.6802218237562792,0.6770537274629223
top_k_1000,1.0,0.5610246184104043,0.2758862319059988,0.2479740843286778,0.6502965875254333,0.6985466750978514,0.7048949611026708,0.6126723413528068,0.7366791819391832,0.6796968113054168,0.6834858239250194
top_k_1000,2.0,0.5581734259194987,0.274339017726411,0.2455540994518728,0.6485382734683522,0.6941971853114011,0.7170755495298592,0.6068329530590686,0.722825714947102,0.6911415914433602,0.6844689522448475
top_k_25,1.0,0.5590619284004829,0.2762012818899512,0.2504370301895218,0.6511744306287692,0.7014367089016746,0.7074362564616672,0.6179480668046209,0.730036391761031,0.6663018521400588,0.6804306417918444
top_k_25,2.0,0.5595689839869695,0.2765569060322628,0.2459478522980629,0.6467263840792472,0.6942808866500855,0.7518726963950481,0.6129721722200582,0.7252238330673154,0.7210942730479634,0.7027907436825963
top_k_10,1.0,0.5654545088037037,0.2781108012314313,0.2499277128892135,0.6504613759408471,0.7070217024506503,0.7210893138443367,0.6207079424211094,0.7366867041981578,0.7003746415803679,0.694714650510993
top_k_10,2.0,0.5638995098766828,0.2806169670273046,0.2500729991397499,0.6490605094976593,0.6968583074578067,0.745184902584821,0.6107684396809002,0.7277104052756803,0.7238077008245098,0.7018678620914778
top_k_75,1.0,0.5614385843890178,0.2774254390472644,0.2490120622148381,0.6486442191455201,0.7003583852343886,0.7082544344152641,0.6142524278634998,0.7231132638684102,0.6801839725379735,0.6814510246712869
top_k_75,2.0,0.5624714298083955,0.2782046569256493,0.2482621324272845,0.6478578004920692,0.6940093944992936,0.7354302922002179,0.6099637526969998,0.7326005990163849,0.7123186878756719,0.6975783329473186
top_k_250,1.0,0.5610057972549316,0.2759167002374117,0.2479708526228836,0.651782008755298,0.7017205325701764,0.7176843930105871,0.6195497585092291,0.729468721211418,0.6976647580938449,0.6910919077062697
top_k_250,2.0,0.5593858538074248,0.2767530786222296,0.2455008018395303,0.6459995290689301,0.6937074850525773,0.7460230785804567,0.6069843585473274,0.7206079276453202,0.7144473384687368,0.6970156758104602
top_k_50,1.0,0.5604994132262825,0.2766629125765381,0.2470386496331482,0.6503019740108316,0.7076846797957675,0.7444839833322828,0.6218140310165807,0.7398856780216657,0.7135579958603202,0.7049354220577124
top_k_50,2.0,0.5628700139925609,0.276617818513903,0.2468163882427076,0.6472040320697584,0.6912934824040061,0.7281576892837944,0.6055173552019949,0.7262823131133646,0.7047855688684367,0.6911857316168977
top_k_1500,1.0,0.5515896584415676,0.2725794921126352,0.2481454298057651,0.6502170892617175,0.6980953582825552,0.6852262860376477,0.6175042679508399,0.7362567816355048,0.6610679253781212,0.6750138152505284
top_k_1500,2.0,0.5553605839249504,0.2747775647831261,0.2451225457250919,0.6470550777619345,0.6914836788386629,0.7359250118825703,0.6091864096516474,0.7278784192242638,0.7170712110616582,0.6975152629550349
top_k_2000,1.0,0.5602439614864171,0.2748573998518927,0.2478328545666114,0.6499829351447011,0.7012985002903538,0.727046321778394,0.616193978521688,0.7275978958067699,0.7012573800969898,0.6930238940509604
top_k_2000,2.0,0.5545999012798617,0.2741731834585642,0.2475200594232848,0.6493179842045432,0.6948020141375693,0.6876448894211342,0.6127091753386483,0.7332758492002371,0.6706170814473117,0.6760617488518328
liberal,1.0,0.5617425395088856,0.2742191410340342,0.2368862489010825,0.6439963763451758,0.6777744518436548,0.6624550242378396,0.6020861449875473,0.7072011430750909,0.6439224120496138,0.6539161810875228
liberal,2.0,0.5708621442049685,0.2780121728309986,0.2383782494113291,0.6407957965867561,0.6800445000330607,0.7038299680365953,0.5890396511000209,0.7051496705301528,0.6940881859885171,0.6730268689138215
mixed_conservative_75,1.0,0.569093864717559,0.2768721233046728,0.2409951480676007,0.644610432268099,0.6872167291532036,0.7442935798393159,0.6114723892036417,0.7162756912153925,0.7282519714349817,0.700073407923333
mixed_conservative_75,2.0,0.5643763337479701,0.2749967783147031,0.2372853811624655,0.6430217310001975,0.6864668869135673,0.7281792666065029,0.6061412347733848,0.714415934514143,0.7148345652260213,0.690892750280013
temperature_0.7,1.0,0.5685144903294528,0.2793890636207143,0.2518407260921396,0.6500135171049424,0.7049780656363218,0.7228877159088026,0.6191408824299899,0.7330718819250257,0.697136698928758,0.6930592947981441
temperature_0.7,2.0,0.5582347281418633,0.277390117643724,0.2490310949382334,0.6467470740017138,0.6985943873723348,0.7345642425926594,0.6148997732164045,0.7401896630439584,0.7037720886815065,0.6983564418836322
temperature_0.5,1.0,0.5571521791467958,0.2748743896673878,0.250520573687183,0.649580146747691,0.7060726819602587,0.7053251253596753,0.620183363987461,0.7321195117346585,0.6739286223549837,0.6828891558591945
temperature_0.5,2.0,0.5575793766942694,0.2780013249583418,0.2481007612460773,0.6473231273784972,0.7013318854465819,0.70505655708094,0.614716385447149,0.7315237395555555,0.6748681070505941,0.6815411972835597
temperature_0.9,1.0,0.5590460036427867,0.2771933864180735,0.2502293393023561,0.6517088008290939,0.7008051069183204,0.7153896180880305,0.6219263630083608,0.731907354310577,0.6843090290359226,0.6883830911107227
temperature_0.9,2.0,0.5537623233788301,0.2731635073089861,0.2436866738735744,0.6467072988811292,0.6998359939508271,0.7227156206854617,0.6167610295192361,0.7309647798217739,0.6948400854240624,0.6913203788626335
temperature_0.4,1.0,0.5632415130373719,0.278975563962601,0.2523299646013859,0.6513811593292324,0.7020702184611605,0.7028223499328915,0.6213339550161148,0.73313026176357,0.6751367200968572,0.6831058217023583
temperature_0.4,2.0,0.5570908367687168,0.2777692453154217,0.2498407749392566,0.6468413842351813,0.6991499009885286,0.6985564083212054,0.6142992704140379,0.7247288779847787,0.6675213719786819,0.676276482174676
temperature_0.8,1.0,0.5567981753567044,0.2748579009094308,0.2502190815931731,0.6495340577973664,0.7056035415361855,0.6822590299994519,0.6201944099902371,0.7297660991828737,0.661317015705673,0.6733841387195589
temperature_0.8,2.0,0.5585739180349799,0.2777764859900792,0.2476030481328634,0.6479824584827089,0.6951974444222032,0.7178706562790831,0.6074912461537099,0.7288620959474594,0.6968235474919859,0.6877618864680596
temperature_0.6,1.0,0.554411479157264,0.275314288695521,0.2481490049045938,0.6506066135777772,0.7026252633970202,0.7235378710330395,0.6283072822998059,0.7328293933633002,0.6933644704656496,0.6945097542904487
temperature_0.6,2.0,0.5563455669808931,0.2767697634910082,0.2473723231162695,0.6475554018689875,0.6936752758528056,0.7186778416005206,0.6123832141162157,0.7293646482872084,0.6919656911075083,0.6880978487778632
mixed,1.0,0.5664265938151378,0.2775496674197047,0.241948117234123,0.6456793248653412,0.6937665702732465,0.7318018361481216,0.6138393326513926,0.721428010902031,0.7119059568485899,0.6947437841375338
mixed,2.0,0.569578170788988,0.2796589412980023,0.2393479297543508,0.6440525100942244,0.6876207992695925,0.7341382198899581,0.6031226387865317,0.7094738070699929,0.7164434652362044,0.6907945327456718
all,1.0,0.5617683378799088,0.2778797516330901,0.2540106064394946,0.6518436097006761,0.5190971979430614,0.693876381579313,0.6208037524838069,0.7348970198236824,0.6721295957472456,0.680426687408512
all,2.0,0.5562924589332737,0.2771445012457565,0.2479235056825909,0.6472673798862256,0.5100159956174984,0.7051346417482155,0.6173676354625844,0.7234539347429343,0.6753723601362166,0.6803321430224877
conservative,1.0,0.5423020743523338,0.2639398762456675,0.2350509315146322,0.6450651561030905,0.6842687049212347,0.6472290918138682,0.6147445919669162,0.7245883560463167,0.6144586491169945,0.6502551722360239
conservative,2.0,0.5373930611293848,0.2649681807170536,0.2332538462703001,0.6412178633505838,0.6858580786930887,0.7007415998298542,0.6096487284758471,0.7270250320971499,0.6739961769251139,0.6778528843319912
mixed_liberal_75,1.0,0.5677912936134321,0.2758276287932346,0.2373227559272662,0.6445943101216819,0.6919891825159088,0.6831780070799541,0.6264359934230214,0.7075906484124852,0.6651796347255341,0.6705960709102486
mixed_liberal_75,2.0,0.560115422082183,0.2740852909643139,0.237206654462875,0.6416286673462182,0.6821752811733045,0.6957875589144583,0.6142726059853424,0.7027455315567596,0.6772542877253739,0.6725149960454835
top_p_0.4,1.0,0.5484612102696781,0.2726076729008805,0.2474086679377824,0.6515744237499382,0.704552003445516,0.7011916827500493,0.624855744708953,0.7372894932108162,0.6597341651778608,0.6807677714619198
top_p_0.4,2.0,0.5471841678365582,0.2718188485573092,0.2443308926374587,0.6458921279823571,0.6963257004294479,0.702767430957576,0.6135803518801821,0.7314921785671802,0.6631151232988319,0.6777387711759425
top_p_0.7,1.0,0.564739067264348,0.2812881115164121,0.252663409623622,0.6521482713349903,0.7050905207186254,0.718888912954976,0.6188132314659363,0.73565302201374,0.6872223482154122,0.6901443786625162
top_p_0.7,2.0,0.5557140972671861,0.2757166866642853,0.2474758872589944,0.6477945359129654,0.6986788279131839,0.6831067252792651,0.6109602614853604,0.733148251988901,0.6565429397450602,0.6709395446246467
top_p_0.6,1.0,0.5628965311796577,0.2794121839991516,0.2510963568337907,0.6519692626618246,0.7073705762852239,0.7064697962581711,0.61764311848034,0.7404824175148554,0.6764506783400298,0.6852615026483491
top_p_0.6,2.0,0.5519169164400468,0.2755791965325911,0.2457637137599458,0.6468190090698108,0.6956763912711227,0.6776197656335967,0.6128344492843274,0.7380307059937883,0.6535530789656178,0.6705094999693325
top_p_0.1,1.0,0.5506092857063648,0.272747697309404,0.2476736673207688,0.6505609869046975,0.7044092902472912,0.6940570369093015,0.6209738738724941,0.7293331711758247,0.6575037445204159,0.6754669566195091
top_p_0.1,2.0,0.5547205083212373,0.274976460134362,0.2468347108526212,0.6461457639409784,0.6966538276588707,0.6875781826087782,0.610954702837148,0.7364400601214811,0.6575920419534268,0.6731412468802086
top_p_0.3,1.0,0.5546073567514791,0.2766634150212583,0.2493639740433672,0.6511381031902692,0.7037704018236116,0.6951837165869718,0.6201497526371985,0.7337963689079364,0.661303069067599,0.6776082267999264
top_p_0.3,2.0,0.5537891260307567,0.2742360192327985,0.247071435316609,0.6453987843111941,0.6952385061665585,0.7036939550893726,0.6105773352176536,0.7294562017987868,0.6771291258214008,0.6802141544818034
top_p_0.5,1.0,0.5516887373239537,0.2733725891597403,0.2480933639222508,0.6511953072693512,0.7018337777552713,0.6941155771549196,0.6243599498362348,0.7330204108133727,0.6614423360041459,0.6782345684521682
top_p_0.5,2.0,0.5511726238008546,0.2728404948484281,0.2442763776453936,0.6464788629297624,0.6978099633727157,0.692506671073341,0.6145402282219145,0.7329408940121316,0.6683292396394617,0.6770792582367121
top_p_0.9,1.0,0.5618519211942052,0.2764834849076197,0.2491688807368653,0.652003166102271,0.7034265467228781,0.6979264183645628,0.6174464498285922,0.7295442710399217,0.6764429757468099,0.6803400287449718
top_p_0.9,2.0,0.5483964684822924,0.2726769480831236,0.2465353443695454,0.6472581524597971,0.6999836181339465,0.7254015123702534,0.6183091600972269,0.7308542020067167,0.6926206612904114,0.6917963839411522
top_p_0.8,1.0,0.5580600996538002,0.276058660724974,0.2507418014517264,0.6497708028964414,0.7006933816516673,0.6884118877370466,0.6159492493247397,0.7335551666253707,0.6637002403998478,0.6754041360217513
top_p_0.8,2.0,0.5557013371857054,0.2747452762927795,0.2465511888604699,0.6471994054944892,0.7004005931971365,0.690693282100818,0.6108918596871318,0.7269612823751859,0.6637805826163989,0.6730817516948836
top_p_0.2,1.0,0.5524135966877824,0.2735864747878113,0.2482580094551086,0.6505919358202519,0.7033233871214263,0.6948345763188154,0.6205489451113457,0.731631704862369,0.6570443367631538,0.6760148907639211
top_p_0.2,2.0,0.5568911540176398,0.2746083127314495,0.2470539918434638,0.6462378014597976,0.6962600576250176,0.702077918578732,0.609791598639424,0.7348985053399643,0.6718625242900578,0.6796576367120445
LongT5_BASE,1.0,0.5006972341590501,0.2131735639009587,0.1938349974959564,0.6053124632089193,0.654448673925327,0.2257093625736734,0.5581703818463227,0.69942365397513,0.2418436025612744,0.4312867502391001
LongT5_BASE,2.0,0.4984799876888322,0.2134643223869962,0.1959226530007171,0.6029296599982078,0.6434980206322252,0.2463200756415417,0.5535271798551213,0.6978489674584478,0.2609725255071786,0.4396671871155724
