Folder Name,respondentType,rouge1,rouge2,rougeL,bert_f1,align_score,unieval_coherence,unieval_consistency,unieval_fluency,unieval_relevance,unieval_overall
SLED,0,0.3517201713274646,0.1769357073731598,0.1790695231006024,0.6358910302321116,0.6098572810490926,0.4933645112345237,0.6390672490115618,0.6156391751394984,0.5492931573180566,0.5743410231759102
SLED,1,0.2820644941388692,0.1292589602598441,0.1462360721435436,0.6137064707375341,0.5954729188834468,0.2995434940013797,0.5709019072194882,0.6016195104521166,0.3276355869947588,0.4499251246669358
SLED,2,0.2866502266849904,0.1293881673166456,0.1476285229183342,0.6107839678103725,0.5941623842033247,0.3000781115558459,0.5727301261913602,0.5814079938144417,0.3325897774418271,0.4467015022508687
SLED,3,0.2802294397701441,0.129532557990217,0.1454328312156682,0.6148033816735823,0.619363648550851,0.3291384681684525,0.5962619775477498,0.5953112700399,0.3655515576818212,0.4715658183594809
SLED,4,0.2714635597499192,0.1272520244307021,0.1423427643370206,0.6093550384044647,0.5908087849617004,0.3844115973787328,0.6030708574469728,0.6318055532236984,0.5237899430827259,0.5357694877830325
top_k_500,0,0.5774799116337966,0.2748934363179901,0.261089088453284,0.6614641845226288,0.7086647848288218,0.5694162394866856,0.6637959139758588,0.7510409691544978,0.563796707258062,0.6370124574687761
top_k_500,1,0.5627512976931612,0.2770365839112532,0.2462609054376517,0.649072255338392,0.6999372133324223,0.7235331725182388,0.6058528816670721,0.7282606758553536,0.6992991058381512,0.6892364589697039
top_k_500,2,0.5706855565009442,0.2783763819155579,0.2504292552928229,0.647314928782483,0.6917617016782364,0.7210879676721853,0.6160454608988657,0.7351204056410175,0.6993544425918427,0.6929020692009779
top_k_500,3,0.5473425535194586,0.2729768570200553,0.2442875413170155,0.6469768790098337,0.6928616709761567,0.6797496144985953,0.6123830261703438,0.7278346561682746,0.6565865030189492,0.6691384499640407
top_k_500,4,0.550730456094151,0.2717472550949285,0.241651250508813,0.647391265630722,0.7077290952205658,0.7674756548775454,0.6258881196912467,0.747002053947201,0.75247375488941,0.7232098958513508
top_k_100,0,0.5797373173250057,0.2989707694643089,0.2790539757028056,0.682266374429067,0.6797789831956228,0.469123967756762,0.6166353466882336,0.7142719442234622,0.4285030202879684,0.5571335697391065
top_k_100,1,0.5611700812469699,0.2788545847516483,0.2502716023251008,0.6514732198369119,0.7018771491223766,0.7052952997801694,0.6078229505318703,0.7253771145242135,0.6860694447634336,0.6811412023999217
top_k_100,2,0.5648061156727178,0.278266015405652,0.249464622565906,0.6489683783923587,0.6913570364316305,0.6913678907322408,0.6144907385667809,0.730758085588251,0.6674206199813906,0.6760093337171659
top_k_100,3,0.5513699800264924,0.2765491124063811,0.2455968338493899,0.6458190784349547,0.7065641618036962,0.712724095452798,0.6090238782915486,0.7273609966510515,0.692690500320102,0.6854498676788751
top_k_100,4,0.5720692679901455,0.2812350169070367,0.2531656281207467,0.6363420426845551,0.7074416279792786,0.7546060294680383,0.6277540071459129,0.7661586835534956,0.7313132466465995,0.7199579917035115
top_k_1000,0,0.5771400035963813,0.2977601363305921,0.255528431520964,0.6695736249287924,0.6891777912775675,0.6897832143957198,0.6444077497040323,0.771187587436756,0.6391422474266649,0.6861301997407931
top_k_1000,1,0.5577801181288251,0.2750744174012761,0.2467794280375,0.6504430246929969,0.703144913479205,0.7015304231258791,0.6107588975538275,0.7294470852086777,0.6799989552536777,0.6804338402855156
top_k_1000,2,0.5624177504329672,0.2744353346507102,0.2472704207189372,0.6475420777375499,0.6910662520676851,0.7333995644303748,0.608171557476244,0.7289902490228798,0.6999984923659146,0.6926399658238532
top_k_1000,3,0.5559202923036165,0.2743225475457189,0.2447318826135065,0.6490021852346567,0.6855374040839436,0.6974851977055951,0.6079763915341349,0.7262850659545133,0.6781519559660961,0.6774746527900849
top_k_1000,4,0.5702612410297356,0.2808860398302019,0.2471137599606516,0.6496524214744568,0.7281797230243683,0.6646897841476158,0.603810129965142,0.7427202957363843,0.6469785208734433,0.6645496826806464
top_k_25,0,0.5540572886879901,0.2698370065866666,0.246596141674049,0.6528535385926565,0.6751731733481089,0.7218046045581978,0.6343278410705123,0.7389982692375546,0.6973705464399181,0.6981253153265458
top_k_25,1,0.5596940374705839,0.2782740852847973,0.249280771824299,0.6502100423939766,0.7016264248278833,0.7312445508531629,0.6131675564327154,0.7281927406767599,0.6917169893058843,0.6910804593171306
top_k_25,2,0.5595657568943125,0.2736795664233016,0.2470568768533252,0.6486753445739547,0.6959362622971336,0.7453890286055902,0.6204305535762175,0.7221655729701738,0.703689125752872,0.6979185702262134
top_k_25,3,0.5563249884201557,0.2767048688149383,0.2471533906564609,0.6464603019284678,0.6891358265509973,0.6883901340835186,0.6075249431999424,0.7371437403437547,0.6719408107651547,0.6762499070980926
top_k_25,4,0.5760721382437879,0.2825839068779093,0.2482552646555807,0.6381954908370971,0.7260955452919007,0.8194345732738405,0.632050542596224,0.7196667380758222,0.8097990528685614,0.7452377267036121
top_k_10,0,0.5472427601877096,0.282312328992115,0.2563592118171494,0.6709805627663931,0.7078450719515482,0.6058480176555018,0.6928944200919896,0.7494574433491307,0.613187311896867,0.6653467982483723
top_k_10,1,0.5614456934464451,0.2796861055851832,0.2511254393398204,0.6502367248458247,0.709220982246822,0.7111495527862024,0.619349551121801,0.7320827516564158,0.6848299115749832,0.6868529417848506
top_k_10,2,0.568749017069877,0.2782034337853487,0.2495292387798996,0.6492005273078879,0.6948710861615837,0.7611811116879602,0.6107514770866013,0.7350033357667308,0.7452737058809172,0.7130524076055523
top_k_10,3,0.5683500716525426,0.2827476493507275,0.2493690822836082,0.6496215089336856,0.692108289881067,0.7427236335874573,0.6046290666527542,0.7226337997028179,0.7275946365138773,0.6993952841142267
top_k_10,4,0.5418785287782555,0.2639741988635521,0.2332400971075246,0.6356476008892059,0.7313326716423034,0.756829616643204,0.6652902358600584,0.7475798692431623,0.6962745435165709,0.7164935663157489
top_k_75,0,0.5686167824408834,0.3136370511006333,0.2614038833074001,0.6698498725891113,0.7163443366686503,0.6744672981065051,0.6792307816995445,0.7745475969159293,0.6473525734210696,0.693899562535762
top_k_75,1,0.5579767657631346,0.2758939075385,0.2474947424431247,0.6488666705066158,0.7027596926256534,0.7448168577306258,0.6099368472048206,0.7284218205591151,0.7184556625421691,0.7004077970091827
top_k_75,2,0.5690397949384763,0.279684903674883,0.250119757772845,0.6474535362794995,0.6920481979226073,0.7112605591271878,0.6185972087482243,0.7279485820952928,0.686103888127522,0.6859775595245567
top_k_75,3,0.5583427111580209,0.2782117378162755,0.2481837110835902,0.6481146832088848,0.6868676801959237,0.6812219160685593,0.6008180843940724,0.7218046363547053,0.6546535092461955,0.664624536515883
top_k_75,4,0.5546500657845317,0.2653511231182915,0.2441037415331421,0.6356709897518158,0.732589167356491,0.7845688873368117,0.5988973062369471,0.7500599102462641,0.7852491236643173,0.729693806871085
top_k_250,0,0.5528319277456957,0.2856422891384884,0.2490855394182949,0.6690275569756826,0.6855053305625916,0.7349932016050902,0.6642232215020878,0.7024616704207375,0.650488909626394,0.6880417507885773
top_k_250,1,0.5579826484779083,0.2765721035932125,0.2462247899707072,0.6501619897542461,0.7034422734812382,0.7372940467218175,0.6124401043967562,0.7245341111398905,0.7037604882174151,0.6945071876189698
top_k_250,2,0.5668390207555952,0.2766803913368892,0.2487067846392972,0.6484435368329287,0.6932691968977451,0.7314876570422207,0.612446463600807,0.7228519747463302,0.7171147048382975,0.6959752000569139
top_k_250,3,0.5571985403449374,0.2775467295058851,0.2457536540645629,0.6462351869750809,0.6892314566360725,0.7242077625757671,0.6066551472057493,0.7294700998161161,0.6939967245059507,0.6885824335258958
top_k_250,4,0.51736396704491,0.2481679921871423,0.2262545591596201,0.6313852190971374,0.7162948608398437,0.7042469021061454,0.6646754288920096,0.7425476516528556,0.7130398289505393,0.7061274529003876
top_k_50,0,0.5570962173420537,0.2889984521541697,0.2513279254499557,0.6608989536762238,0.6929470400015513,0.5678830498507713,0.6529965660443088,0.7257856849623862,0.5247651354734187,0.6178576090827214
top_k_50,1,0.5561329525284704,0.2750259846753636,0.2457524186520449,0.6482548913167369,0.701114010426306,0.7323309594842107,0.6119135858566918,0.7309497077995145,0.7032681368782833,0.694615597504675
top_k_50,2,0.5676793284141013,0.2759995247952944,0.2490344166289909,0.6484113298356533,0.7001613297810158,0.7301437788979506,0.614938910397688,0.736236552036154,0.7050612166399168,0.6965951144929273
top_k_50,3,0.5645281048600526,0.2813830350848533,0.2458272845133053,0.6492787671613169,0.689880310179113,0.770906167113366,0.6097734123780887,0.7291055050915903,0.7478673867532215,0.7144131178340666
top_k_50,4,0.5638762124280684,0.2783561505681994,0.242733859117261,0.6520316421985626,0.7187988221645355,0.7214302072027833,0.6257522347425134,0.750424628065512,0.6829307494846393,0.6951344548738619
top_k_1500,0,0.5393278675545492,0.2658522040302338,0.2330523395267304,0.6569116512934366,0.6681691408157349,0.7954201088997999,0.6380609570010038,0.7351720403149572,0.7102954576873398,0.719737140975775
top_k_1500,1,0.5522208997657873,0.2720987529019121,0.2460551838786764,0.649686400207781,0.6979784948691246,0.7321552741422609,0.6159153009415901,0.736184835905936,0.7063834583444402,0.6976597173335568
top_k_1500,2,0.5568527870829681,0.2754322133261446,0.248759603254376,0.6479681994145116,0.6892484134684006,0.6995331905874126,0.6109685872042074,0.7260990504534303,0.6812509977180192,0.6794629564907674
top_k_1500,3,0.549609352014016,0.2749372737813937,0.2438847235245902,0.6482646923798782,0.6939017644950322,0.6745536296354303,0.6079163749368403,0.7298245225537817,0.6639183674344553,0.6690532236401269
top_k_1500,4,0.5677320429853705,0.2749552080119181,0.249867483611163,0.6301896095275878,0.7385394811630249,0.7226133798109362,0.6202525715858938,0.7534705481402802,0.6903458187700012,0.6966705795767779
top_k_2000,0,0.5559070316492295,0.2970109666739452,0.2739679066492189,0.6687301695346832,0.7007621824741364,0.564737284357991,0.6943816424335739,0.7678687670496199,0.5489002446163692,0.6439719846143885
top_k_2000,1,0.5588372721491196,0.2756587276944758,0.2482091299668739,0.649294734241501,0.7031591770149046,0.7111017953118833,0.6116873569127173,0.7328991562815869,0.6902355167760722,0.6864809563205649
top_k_2000,2,0.5617765512603868,0.2744509035195779,0.2492345157637153,0.6488150780399641,0.6918442019571861,0.7127889357637707,0.6164321417791705,0.7264900663039678,0.6888425230318246,0.6861384167196833
top_k_2000,3,0.5478339883293543,0.2721501541318322,0.2436727243848216,0.6515100015388741,0.6928914415312337,0.7043257161594411,0.6077456006881244,0.7273742086308986,0.6827433465902427,0.6805472180171768
top_k_2000,4,0.5203813311359304,0.2546328276857317,0.2248508214756225,0.6453774273395538,0.7283524155616761,0.5774145010314409,0.6540362091021625,0.7570916647536432,0.5996083207908647,0.6470376739195278
liberal,0,0.5864728133665271,0.2917864729984226,0.2608911339521533,0.6563488443692526,0.663996289173762,0.6402795514958445,0.6188409103224152,0.7264739114744238,0.6364439144116818,0.6555095719260913
liberal,1,0.5649005801981108,0.2762553656757713,0.2375002069959335,0.64160553582253,0.6829093480783124,0.6821664584759675,0.5954290711912447,0.7037013383750693,0.6686840700024641,0.6624952345111864
liberal,2,0.5711201865608341,0.2771078195495794,0.2390922425882612,0.6426703780889511,0.6738439789041877,0.6927358420981018,0.5985388297804076,0.7061849698561439,0.6776896987881766,0.6687873351307075
liberal,3,0.5609849332241649,0.2736955906032235,0.2336870178290442,0.6435236236551306,0.6787421028692644,0.6557455006797992,0.5864090927331926,0.7089255269749222,0.6443212296846773,0.6488503375181478
liberal,4,0.555337093733423,0.2705834583757144,0.236537095621883,0.6344224333763122,0.6900517523288727,0.8457675985031363,0.5960732676321383,0.7277843033806033,0.8120838048009436,0.7454272435792053
mixed_conservative_75,0,0.6193390143225489,0.3152797274920426,0.274110347085696,0.673333207766215,0.6713441809018453,0.7894190874847342,0.6131158053424378,0.7206071555498791,0.7840893374062655,0.7268078464458293
mixed_conservative_75,1,0.5643647121888368,0.275532398356151,0.2381092758485357,0.6438459578541017,0.6925926778104997,0.7440103361664709,0.6116769715135167,0.7235428698592837,0.7242883671267806,0.7008796361665129
mixed_conservative_75,2,0.5701968344592906,0.2759761250611603,0.2388364285014712,0.6431459536155065,0.6785995634272695,0.7317607254280952,0.6056354869434509,0.7075040617269446,0.7217601206345358,0.6916650986832567
mixed_conservative_75,3,0.5623588120095029,0.2753421810341735,0.2399883056099953,0.6442777488257859,0.6867755585974389,0.7324215868232599,0.6083952031593283,0.7059719461267324,0.7177679515993622,0.6911391719271708
mixed_conservative_75,4,0.5618920856356573,0.2647310482384367,0.237576984927097,0.6322031557559967,0.7115104615688324,0.6136507323450004,0.5935457133720572,0.7426270827455919,0.6306989776129285,0.6451306265188945
temperature_0.7,0,0.6153832015471065,0.31822100339484,0.2683470786748727,0.6775663693745931,0.6953483323256174,0.6497339737276353,0.6139552243446821,0.70150216749917,0.6324747064652338,0.6494165180091803
temperature_0.7,1,0.5544054992165828,0.2770361758385655,0.2498409269764903,0.6488363651498672,0.7022114400902102,0.7151926803186254,0.6243068823822809,0.7383406044813667,0.6835789421539513,0.6903547773340561
temperature_0.7,2,0.5686629996536788,0.2782788017662698,0.2528831821517836,0.6479615665351351,0.7022223357732097,0.7317549290274482,0.6156374092301463,0.7345325699876247,0.707096886730226,0.6972554487438613
temperature_0.7,3,0.5708914837155515,0.280204663287564,0.2467719938395828,0.6481758238195063,0.6975965892875587,0.7636551944734263,0.5991626206627949,0.7383783316695848,0.7348574892215574,0.7090134090068408
temperature_0.7,4,0.572841002013095,0.2713666270463104,0.2375677518773772,0.6257020056247711,0.7175148367881775,0.7491633075277491,0.6223327333956423,0.7478722495954744,0.7267800729227482,0.7115370908604035
temperature_0.5,0,0.5689657429271452,0.2806471624551584,0.2546196585587803,0.6616792380809784,0.7264101902643839,0.4976476290502633,0.6791189840541182,0.7751332128824436,0.4799812725014841,0.6079702746220773
temperature_0.5,1,0.5614989468601617,0.2786954416042845,0.2500383188086068,0.6494706309130115,0.7064070329070091,0.695154974626183,0.6126444367146615,0.7311434422425134,0.6691870526109471,0.6770324765485762
temperature_0.5,2,0.5581800787562786,0.2754348231603737,0.2521195429050649,0.647767385157446,0.70091746840626,0.7104267789986806,0.6220830670411767,0.7346347450132277,0.6703847592729907,0.6843823375815189
temperature_0.5,3,0.544271165748759,0.2741057928142962,0.2424805500207975,0.6475806629264748,0.696052088187291,0.7260098276637128,0.6123608758589172,0.722402987764696,0.6999418417994617,0.690178883271697
temperature_0.5,4,0.5519208811101779,0.2620002020496829,0.2335203955621789,0.6337119579315186,0.740633076429367,0.7883146245563323,0.650688843252411,0.753666196524881,0.7659851499736006,0.7396637035768062
temperature_0.9,0,0.542371013342295,0.2838998941780243,0.2571242630882413,0.6681483586629232,0.6935802300771078,0.550847010977562,0.6248264648973648,0.7075695305113104,0.5818190030831452,0.6162655023673456
temperature_0.9,1,0.5552965715189561,0.2751083069317688,0.2462811078894141,0.6492966069809852,0.7082122891179977,0.7232149713032242,0.621228159438478,0.7301946563556837,0.6927365495751401,0.6918435841681315
temperature_0.9,2,0.5591590581029111,0.2763218014833634,0.2485824174121858,0.6484503503888845,0.6932985136906306,0.7176313786221272,0.6200145838557652,0.7299962131301884,0.688665873248327,0.6890770122141019
temperature_0.9,3,0.5525522057823331,0.2714419346910227,0.2423240170479913,0.6496650006744887,0.6902293071642027,0.7176523425558192,0.6084400876260925,0.7357867444735192,0.6865717281421104,0.6871127256993853
temperature_0.9,4,0.5683749418670564,0.2791005398760665,0.2611018921574988,0.6402854979038238,0.734188562631607,0.7652049017327617,0.6497210116764724,0.7635130451212919,0.7326936715525095,0.727783157520759
temperature_0.4,0,0.5666801963613807,0.2885127343763816,0.2582979824603889,0.6674148241678873,0.724206546942393,0.5993000074773688,0.6623867315305239,0.7550648476888702,0.5306601123837993,0.6368529247701405
temperature_0.4,1,0.5612639146192511,0.2812262723831105,0.2523235226420047,0.6503671958081184,0.7029720172286034,0.711912226186159,0.6143981576963427,0.7264965535258896,0.6883863834188922,0.6852983302068208
temperature_0.4,2,0.5661385646184902,0.2780210775372602,0.252216347881738,0.648282939568162,0.6977496066441139,0.688837767114583,0.6189523402863388,0.7298348936759163,0.6516208658633865,0.6723114667350562
temperature_0.4,3,0.5520188797922452,0.2748400419856186,0.2469517770106747,0.647585106419993,0.6958846305752848,0.7092959858550112,0.613794760949448,0.7285188679966588,0.6891677223611796,0.6851943342905743
temperature_0.4,4,0.4814310423288769,0.23901500079817,0.2290899572006624,0.631553566455841,0.7224393606185913,0.6275213916123501,0.6825552202969958,0.7502807873691559,0.5400158936475299,0.650093323231508
temperature_0.8,0,0.5594607290980426,0.2816104175721106,0.2623858459055675,0.6575810213883718,0.7324815094470978,0.460908744254448,0.6536857616807107,0.7606463619372366,0.4852437357077584,0.5901211508950385
temperature_0.8,1,0.5540104657341915,0.2775223614478038,0.2492912792556161,0.6502881314485304,0.6993434842555754,0.6976275616325954,0.6148969124802961,0.7316392467163711,0.6750100475185897,0.6797934420869631
temperature_0.8,2,0.5627260860907606,0.2740204145713285,0.2475224415442045,0.6466095789025227,0.6996391856422027,0.6969768007639492,0.6122569891692934,0.7240043989476029,0.6801625053426723,0.6783501735558795
temperature_0.8,3,0.5586568096360907,0.2790656137488836,0.2499831379365627,0.6499671601987147,0.7002433106139466,0.7325420834053901,0.6074980276700934,0.7281911411347972,0.705085563009537,0.6933292038049544
temperature_0.8,4,0.5442150500447742,0.2656969952111968,0.2452941435736738,0.6339930355548858,0.7114461481571197,0.7087039812416006,0.63737292675689,0.7639765532449065,0.6791827691584599,0.6973090576004642
temperature_0.6,0,0.5351610785968548,0.2647161875240415,0.2490310092125954,0.6670445104440054,0.7137467960516611,0.5723838018880111,0.7338649526261666,0.8189016272856234,0.5538081039827341,0.6697396214456338
temperature_0.6,1,0.5524678000359867,0.2773715753971595,0.2489894750447489,0.6506916005765239,0.7031054494361724,0.7156354932473729,0.6210073137460351,0.7329047710875161,0.688459269820161,0.6895017119752713
temperature_0.6,2,0.5621892657666191,0.2758622821483932,0.2474195080383955,0.6470068916678429,0.6932116521832844,0.7338922171656912,0.6154065913204169,0.7282802993120271,0.6997395089768791,0.6943296541937536
temperature_0.6,3,0.5534620878841552,0.2752172080620904,0.2460658963952103,0.649282232090667,0.6905422472691798,0.7193689209630401,0.6154441805150335,0.7237839383986562,0.6997465990480068,0.6895859097311842
temperature_0.6,4,0.5285924223602863,0.2624954303382306,0.2376033391431009,0.6328431963920593,0.7196658670902252,0.71083244266788,0.6569234500508784,0.7502276967434366,0.6784039451414305,0.6990968836509064
mixed,0,0.6175016021639745,0.324576601096292,0.2801990843016025,0.6800365746021271,0.6389938592910767,0.5326940528485299,0.5908986324066666,0.6654104694653915,0.5311761776786279,0.5800448330998039
mixed,1,0.5656599178558132,0.2783550778243054,0.239164272280778,0.6446553048106932,0.6945746992864916,0.734644965586626,0.6067110049329104,0.7159329498705952,0.7106501064390767,0.6919847567073021
mixed,2,0.5717960182325138,0.2785323884003314,0.2415088264173654,0.6442833309993148,0.684387068108966,0.7534035905978569,0.6084548417034389,0.7133581593612978,0.7338942385585391,0.7022777075552832
mixed,3,0.5620326352946731,0.2759972750768931,0.2391314456755106,0.6441249140016325,0.6936005877924489,0.6912321356843384,0.608551502641956,0.720472180970342,0.6851695442827984,0.6763563408948587
mixed,4,0.5815071700744265,0.2847321622026911,0.2479976435282032,0.6450446724891663,0.713031005859375,0.8017744214808185,0.6504619843546331,0.714260442090986,0.8019342490711837,0.7421077742494053
all,0,0.537625929609415,0.2731386792444487,0.2633138032952095,0.6655744810899099,0.4872616777817408,0.3937096839278459,0.712731501276293,0.7386222516811779,0.2765264775343309,0.5303974786049119
all,1,0.5574457905592506,0.2769720247579454,0.2496841934725583,0.6505308172875836,0.5142164359530134,0.7037372044883264,0.6184375326736958,0.7308294011354085,0.6756720519226613,0.682169047555023
all,2,0.5659649635296341,0.2795197737544993,0.2530576249865867,0.6485250710199276,0.512036289088428,0.6932901754652533,0.6175643094750897,0.7264521030028682,0.6733757412202807,0.677670582290873
all,3,0.5515987668693138,0.2768756001050864,0.2495001375940997,0.64946872650922,0.5201756603770203,0.7233757453900607,0.6149565113742544,0.7276797580830933,0.6964131066927319,0.6906062803850351
all,4,0.5393582901371154,0.2599307397046329,0.2415838687232582,0.6310671687126159,0.5261825829744339,0.6930993535525215,0.6418072192585285,0.7352303841760535,0.6691513959241574,0.6848220882278152
conservative,0,0.5217441496805089,0.267557156697172,0.2574020386432599,0.655434807141622,0.7146206200122833,0.6213898007389277,0.6736327514837818,0.730649695783657,0.5487986877291556,0.6436177339338806
conservative,1,0.5323892623713747,0.2613727514396938,0.2319737438346251,0.6431709929339348,0.6942560577825192,0.6646476397667948,0.6106764660386689,0.721684989129522,0.6304059373162103,0.6568537580627989
conservative,2,0.5467331710323817,0.2676006931780053,0.2360296321860787,0.6427494020511707,0.6757688346939782,0.6812016146564847,0.6153826365584073,0.7318483613191654,0.654021727032367,0.6706135848916062
conservative,3,0.5481152701159984,0.2688440257370565,0.236011700678136,0.6442189334513067,0.6749609957684527,0.6894293546963226,0.6000716164592533,0.7203803370731171,0.6696129389916711,0.6698735618050911
conservative,4,0.5225905517229018,0.2398254351248922,0.2192035399585097,0.6283338725566864,0.7115660190582276,0.7195643248732799,0.6563427307449647,0.7613011906065864,0.6936662873058422,0.7077186333826683
mixed_liberal_75,0,0.5242576530676621,0.2672505230565866,0.2291256165009196,0.6547532975673676,0.6749972701072693,0.6180754359332171,0.6504247288718338,0.6892150351455827,0.5511884687950735,0.6272259171864268
mixed_liberal_75,1,0.5597446604457892,0.2734107006462496,0.2374904454213536,0.6436471045017242,0.689359140732596,0.6833268622836841,0.6188685711098546,0.7065079789303413,0.6595898584878086,0.6670733177029221
mixed_liberal_75,2,0.5720412502440027,0.2775050066600076,0.2390205699712595,0.6432391749694943,0.6837175982072949,0.7047210805759371,0.6228194699308879,0.7000346745746387,0.6894642061713557,0.6792598578132049
mixed_liberal_75,3,0.5615178515852008,0.2755040820891952,0.234377465395663,0.6424902304188236,0.6895836205272884,0.6707380837366558,0.6159670316198715,0.7075024008271376,0.6670634521403338,0.6653177420809997
mixed_liberal_75,4,0.5501947970077903,0.2619957021209277,0.2289775625874769,0.6226345181465149,0.6684182107448577,0.7774964593000067,0.6177630870040456,0.7532581398549294,0.7329218852403836,0.7203598928498414
top_p_0.4,0,0.5807048104235177,0.3060937583952118,0.2672947074419885,0.6736452778180441,0.6756157378355662,0.8424121523994493,0.6380632559862721,0.7026208393635579,0.7598337484306749,0.7357324990449886
top_p_0.4,1,0.5453384035513299,0.2716585994390781,0.2468210156411258,0.6492775902152061,0.7095748493748326,0.6994491015193143,0.62395734157839,0.7395498288899229,0.6528317141539116,0.6789469965353847
top_p_0.4,2,0.5529596861415715,0.2728391281580748,0.2458244191892126,0.6477698354671398,0.6933108399001261,0.6932766933000029,0.6147075055147782,0.7272669610426208,0.6618180826105713,0.6742673106169933
top_p_0.4,3,0.5423595114122545,0.2714102278206522,0.2428232016635279,0.6485727350790422,0.6894057091775831,0.7274144541950884,0.6136751561606545,0.735018752962406,0.685076159466408,0.6902961306961393
top_p_0.4,4,0.5393196703106924,0.2600243589571441,0.2344795442013713,0.6337114155292511,0.7165591657161713,0.6179248166881818,0.6144524882782247,0.7499072472235794,0.596589144333971,0.6447184241309892
top_p_0.7,0,0.5841389061871678,0.3134369366566922,0.2788019372294536,0.6742086410522461,0.6962726215521494,0.5710443281339866,0.672557637901788,0.7395079546189431,0.5405572425239752,0.6309167907946732
top_p_0.7,1,0.5554713600236703,0.274842145505938,0.2476202658512243,0.6503583416342735,0.7115695671208443,0.7022215185134085,0.6136492483968582,0.7342449562757666,0.6779450723856861,0.6820151988929299
top_p_0.7,2,0.5629590105962169,0.2781092204145395,0.2513139830678774,0.6492023980244994,0.6945000638564428,0.696560110018638,0.6187446933262651,0.7328364051156978,0.6591551391508116,0.6768240869028532
top_p_0.7,3,0.5657547195319959,0.2868106302723956,0.2518429056766062,0.648844451039702,0.6917197966313624,0.7201772504373287,0.6056777658445844,0.7350876017923649,0.6966000641981643,0.6893856705681106
top_p_0.7,4,0.5506613109528705,0.2738529536828926,0.2475814470118407,0.6458463788032531,0.6919780254364014,0.6181438425289624,0.6116723927071342,0.7560985155013727,0.5844879093997328,0.6426006650343006
top_p_0.6,0,0.5848859070765565,0.3018068324761765,0.2643488901080075,0.6805715560913086,0.707896222670873,0.7116874877590921,0.6435169998350788,0.7401831754117306,0.6785451346964626,0.6934831994255911
top_p_0.6,1,0.5554469523244667,0.2781015002057062,0.2474696671417718,0.6506776590981791,0.7056335984699188,0.7068658363315891,0.6175412482319577,0.7405657739697268,0.6821664133790621,0.6867848179780839
top_p_0.6,2,0.5643772992524672,0.2792748675991126,0.2515610792031365,0.6493757755185167,0.6980457821240028,0.6966328948203239,0.6147811434299204,0.7355613527528204,0.6701278899392159,0.6792758202355702
top_p_0.6,3,0.5487160967628057,0.2717837163122277,0.2439748077486612,0.6454139102946271,0.6928790457301087,0.6462577637456384,0.6070795923310781,0.7409674419572845,0.6153790959464795,0.6524209734951202
top_p_0.6,4,0.5221446473667507,0.2612957410251636,0.2369898408099901,0.6295060873031616,0.727756941318512,0.6080895182071946,0.6186761086673583,0.7587916653504742,0.5580111304643589,0.6358921056723464
top_p_0.1,0,0.5519703837161757,0.2903533238685169,0.2651551380182254,0.6693000296751658,0.7140883406003317,0.3267512771422461,0.690010583213145,0.7535825771003829,0.3151156467358961,0.5213650210479176
top_p_0.1,1,0.5530777865385983,0.2747406445548913,0.2481647030177844,0.6488424561196758,0.708182496168921,0.6991306711046532,0.6171716107473467,0.7370487407738023,0.6639529236385232,0.6793259865660813
top_p_0.1,2,0.5582075141029051,0.2744325812020889,0.2488598930753142,0.6479818153505524,0.6930246801736454,0.6861865478631753,0.6113186212190695,0.7259405945136873,0.6552459892389031,0.6696729382087089
top_p_0.1,3,0.54224736910918,0.2707831300198913,0.2417324756225212,0.647341753755297,0.6908355512461819,0.7008941600429108,0.6144205192044621,0.7312593343360401,0.6703751514355502,0.6792372912547407
top_p_0.1,4,0.5359511066057594,0.2618067617921683,0.2323861502408844,0.6349183857440949,0.7261012077331543,0.6928625863296805,0.6333179776892421,0.7735931236975283,0.6317325363802011,0.682876556024163
top_p_0.3,0,0.5903868685235752,0.3081849528303641,0.2745231184494315,0.6670148273309072,0.7071943680445353,0.7249682092499318,0.6879269247236047,0.7328813591167008,0.638315107191792,0.6960229000705073
top_p_0.3,1,0.5513579786861307,0.2757784388270782,0.2491799737033672,0.6491990865718934,0.7086278966838314,0.7168695214005727,0.616191418338214,0.7348805835932809,0.6883774753030208,0.6890797496587722
top_p_0.3,2,0.5583823078477866,0.2753940930285156,0.2497125607849043,0.6477413438260555,0.6903981389477849,0.6835965264420208,0.612213431448698,0.7295104606418433,0.6524089166873492,0.6694323338049779
top_p_0.3,3,0.5505480397958009,0.2732299172784545,0.2416790041007518,0.6465160971159464,0.6907659749408345,0.6790442466022272,0.6130198737314835,0.7237359165186341,0.6507383515916487,0.6666345971109984
top_p_0.3,4,0.5548653734158402,0.266132933700532,0.2367347031594081,0.6334071278572082,0.7131788551807403,0.7513900865745449,0.6220955084043589,0.7576016434270059,0.7215998437699171,0.7131717705439568
top_p_0.5,0,0.5447597104483747,0.2867264023727527,0.2655554929534433,0.6631820996602377,0.706848661104838,0.3692158039150413,0.7136651775695694,0.7326510808502033,0.344548468606563,0.5400201327353443
top_p_0.5,1,0.5486059794829231,0.2727844166328869,0.2455091948260089,0.6504946701949642,0.7016477892475743,0.6978081163979037,0.619232912928271,0.7361457327475647,0.6662356445126498,0.6798556016465973
top_p_0.5,2,0.5597708141384963,0.2750765066690006,0.2478660820209275,0.6481580765297016,0.6982449057201544,0.7148508046412291,0.6194266884466367,0.7272725103081347,0.6920800945219815,0.6884075244794955
top_p_0.5,3,0.5395594582903556,0.2692936510031966,0.2427763535701221,0.6452863864846282,0.6945089484964099,0.650872219154355,0.6126296262640827,0.7326893592354362,0.6184410470844728,0.6536580629345866
top_p_0.5,4,0.5727898768650614,0.2691854130722518,0.2456679779096817,0.6390463769435882,0.7243209421634674,0.7470248346158452,0.619529825692472,0.766840055047735,0.7320481246648824,0.7163607100052337
top_p_0.9,0,0.5535906331217223,0.280918255410757,0.2584064792964784,0.6548135975996653,0.7365603943665823,0.6041787327969369,0.6671841844009935,0.7030304917004263,0.5261573945418747,0.6251377008600579
top_p_0.9,1,0.5512241382651099,0.2735946664702817,0.2479512701119539,0.6503798973656469,0.7092041565525916,0.7062367674527943,0.6157978383236307,0.7350101461121129,0.6798073122322276,0.6842130160301914
top_p_0.9,2,0.561258177618188,0.2758582334316458,0.2487763058186568,0.6501215159272155,0.6936838943511248,0.7149365753213971,0.622551912128234,0.7247409882986644,0.6935890411743251,0.6889546292306551
top_p_0.9,3,0.5517087112094652,0.2746146457345667,0.2455367779790953,0.6468224892249475,0.6948618620306581,0.7298446360737054,0.6078912871508731,0.7276673124801666,0.6891404160840489,0.6886359129471985
top_p_0.9,4,0.5506003959104101,0.2659902851670639,0.2393568521555914,0.6386129260063171,0.7071356058120728,0.7140677567547623,0.6420037212784058,0.756535220932846,0.6994916543468914,0.7030245883282265
top_p_0.8,0,0.5728827625776886,0.292883786765216,0.2737798248542112,0.662617007891337,0.667714407046636,0.3592296478796843,0.6660743287304434,0.6893856590552536,0.3327031364296632,0.5118481930237612
top_p_0.8,1,0.5570405181224459,0.2764945046482504,0.2483798218679635,0.6502638668302567,0.708174642535948,0.700319099825155,0.6114412647954678,0.7356143461419855,0.6747083340190673,0.6805207611954188
top_p_0.8,2,0.5590232873165298,0.2744037497728479,0.2488044501952558,0.6462276283030709,0.6945025082677603,0.691703969490142,0.6156586935967842,0.7225630560457935,0.6624049981295819,0.6730826793155754
top_p_0.8,3,0.5498607116567229,0.2731255769480311,0.2463917009136942,0.647768783045339,0.6921700337430933,0.6720218696427455,0.6086182411373167,0.7302967528373739,0.6497259943148311,0.6651657144830667
top_p_0.8,4,0.563348621185342,0.2761885521370296,0.2528466812570744,0.6427976012229919,0.7230282604694367,0.741583306232575,0.6258274578177303,0.7617636066237774,0.7436218251597791,0.7181990489584654
top_p_0.2,0,0.5511527515029148,0.2932248178293297,0.2700245909063468,0.6692252655824026,0.7097428739070892,0.3280026885893641,0.710973190573769,0.755877854024566,0.3074085865430303,0.5255655799326824
top_p_0.2,1,0.5547355276213598,0.2741840856776404,0.2481319160340326,0.6489381016262116,0.7070402959662099,0.7194413838138445,0.6160508076633532,0.7391227437325312,0.6828445322339763,0.6893648668609264
top_p_0.2,2,0.5586561742554886,0.2747834917985381,0.2490254094830883,0.6479039161155621,0.6943054501898587,0.6884091494509946,0.610536656190676,0.7259134322334618,0.65653590669461,0.6703487861424356
top_p_0.2,3,0.548833849743048,0.2725583930565875,0.2435123950588989,0.6476277368409293,0.687113201880193,0.6884198232440756,0.6126099884508961,0.7269409267566093,0.6600474801336406,0.6720045546463054
top_p_0.2,4,0.5359148084440459,0.2624779174370104,0.2324616859634707,0.6349183857440949,0.7266445398330689,0.6928625863296805,0.6357442849812897,0.7768869802339209,0.6317325363802011,0.684306596981273
LongT5_BASE,0,0.4848505057572113,0.2024656504686862,0.2088533650768959,0.5996761520703634,0.6531748672326406,0.1136331474618862,0.5608913308723488,0.6452792873959683,0.1270537951766157,0.3617143902267048
LongT5_BASE,1,0.4945568528325835,0.2119683392285532,0.1948259192296847,0.6029280427723162,0.6524135853734708,0.2387724537205788,0.5561227408911107,0.7140650721581203,0.2549175311187138,0.4409694494721309
LongT5_BASE,2,0.5061192064501102,0.2145297766660516,0.1933423025451022,0.6052307064334551,0.6338550973062714,0.2461309133122328,0.5507041463131791,0.6856415161510533,0.2595138924039398,0.4354976170451012
LongT5_BASE,3,0.4997154560228152,0.2142488639557398,0.1960676277249312,0.6063537473206991,0.6681463757714072,0.2302413557361564,0.5663697350634459,0.6906517451659834,0.2482577245936012,0.4338801401397967
LongT5_BASE,4,0.5041275167466993,0.2219499850997558,0.208890107809342,0.5920120298862457,0.6643371194601059,0.1230608416728025,0.543725659331261,0.6683659536445348,0.1340202872524925,0.3672931854752727
